Raw Data,Class,Naive Bayes,KNN,SVM,CNN
F1 Score,1.0,"1.0
","0.988848
","0.843450479233
","0.984496
"
" 原因 知道 电池 充电 小时 所以 电池 耐用 但是 觉得 京东 应该 告知 顾客 使用 常识 注意事项 一定 大家 知道 这样 可以 顾客 网上 购物 更加 安全 放心 京东 业务 更加 系统 系统 收到 同事 没装好 售后 必须 自己 正版 系统盘 兄弟 不起 苏宁 电器 不行 人家 京东 应该 无奈 太平洋 数码 掏钱 麻烦 内存 有点 直接 感觉 外壳 有点 不过 磨砂 感觉 不错 没有 操作系统 光盘 没有 驱动 光盘 启动 自己 系统 随即 崩溃 抓狂 驱动 不到 尤其 怎么弄 声音 最后 拿到 维修站 郁闷 知道 一键 还原 一定 支票 发货 结果 支票 居然 不到 财务 那里 找到 支票
",1,"1
","1
","1
","1
"
" 那里 订单 送到 而且 还是 支付 现金 支票 依然 没有 知道 那个 单位 可以 忍受 这样 服务 容易 指纹 内存 比较 要是 内存 估计 朋友 喜欢 内存 不了 耗电 有些 驱动 装不上 价格 自己 不是 时机 声明 本人 签收 送货来 没有 打电话 包装 撕过 地方 知道 是不是 快递 故意 东京 发货 没有 想象 那么 天才 等到 机子 克星 所有 激活 方法 激不活 客服 太烂 联想 简直 没法 怎么弄 居然 说不 知道 驱动 只能 驱动 人生 驱动 精灵 不怎么 特殊 功能键 指纹识别 驱动 京东 发货 是不是 休息 朋友 东西 收货 地址 潍坊 诸城 居然 发到 这里 而且 中国 海洋大学 诸城市
",1,"1
","1
","1
","1
"
" 钢琴漆 外壳 就是 指纹 收集器 屏幕 边框 感觉 有点 只有 内存 插槽 升级 只能 换掉 原来 内存 系统 最好 专业人士 电脑 最后 专卖店 人装 只是 感觉 风扇 键盘 感觉 太爽 可能 用用 习惯成自然 以为 触摸板 触控 其实 不是 各位 注意 散热 觉得 一般 可能 出风口 太小 开机 电脑 风扇 直接 运行 出风口 热风 呼呼 一直 不停 一大跳 不过 系统 没有 驱动 建议 华硕 赶紧 加上 键盘 左上 之间 有点 凸起 最高 还有 键盘 触摸板 之间 有点 变形 感觉 压线 起来 拆开 看过 不过 影响 使用 旗舰版 安装 比较顺利 不过 驱动 里面 无线 网卡 驱动 前面 朋友 型号 网上 下载
",1,"1
","1
","1
","1
"
" 了来 顺利 还有 就是 发热 似乎 比较 起来 有点 燥热 呵呵 质量 不算 升级 版本 导致 内存 读出 触摸板 设计 不够 合理 建议 附送 鼠标 集成显卡 不足以 应付 效果 要求 较高 游戏 不能 苛责 等到 发现 主板 问题 换货 时间 已经 强烈建议 大家 不要 这里 售后 要求 蛮高 东西 特别 电脑 买回去 系统 其他 东西 看上去 价格比 外面 便宜 其实 南桥 其实 不是 不足 就是 告诉 各位 内带 驱动 散热 问题 始终 有点 突出 配置 功耗 无可避免 温度 另外 外壳 做工 方面 进一步 加强 机器 散热 不是 特别 理想 底部 发热 厉害 预装 系统 重装 系统 比较 费劲 不过
",1,"1
","1
","1
","1
"
" 网上 教程 摸索 电池 不怎么 耐用 小时 电源 还是 随身携带 一不小心 没有 缺点 就是 电池 不够 强大 内存 还有 就是 无线网络 开关 有点 麻烦 黑屏 但是 知道 什么 原因 不到 原因 解决不了 虽然 黑屏 但是 以后 不是 电脑高手 千万别 没有 系统 而且 主板 限制 导致 不能 顺利 安装 勉强 搞定 要不是 曾经 一段时间 计算机 搞不定 这个 机器 单肩 不好 说明书 详细 出厂 默认 红旗 系统 没有 完全安装 进入 自带 设置 安装 光驱 安装 笔记本 适合 电脑 有中 知识 人群 键盘 稍微 不是 人性化 到手 感觉 划痕 打算 发现 表面 贴膜 去掉 完好 划痕 稍稍 有点 如果 上下班 开车 或者
",1,"1
","1
","1
","1
"
" 偶尔 背着 上下班 无所谓 自我感觉 接受 颜色 真实 知道 怎么 设置 看着 舒服 指点 电源 烫手 舍友 电源 可以 用来 冰棍 可以 烤红薯 还有 就是 不知 为什么 电脑 机箱 条形码 刀割 满意 光驱 体积 屏幕 显得 很小 系统 不好 分区 不合理 内存 太小 鼠标 知道 怎么 鼠标 赔本 价格 集成显卡 不了 游戏 没有 内置 发热量 没有 解决 散热 效果 理想 基本上 保持 以上 其次 促销 消息 支持 靓彩 技术 可是 系统 安装 完毕 根本 不了 快捷键 不能 内存 性能 稍微 赠送 系统 改装 算了 内装 备份 应该 再配 电脑 连接线 理想 喜欢 背光 色彩 看上去 舒服 还是 普通 英寸
",1,"1
","1
","1
","1
"
" 显示 背光 没有 没有 鼠标 充电 适配器 充电 正常 有点 试用版 找到 难道 首先 电池 续航 时间 点儿 还是 个头 真的 建议 去掉 屏幕 键盘 周围 边框 内存 开关机 需要 长时间 长时间 触摸板 右侧 底座 可以 忍受 自配 内存 自己 不开 螺丝 系统 开机 启动项 不敢 乱删 只有 电脑 能用 瑞星 笔记本 没法用 软件 每次 开机 弹出来 允许 才能 使用 电脑 鼠标 什么 没送 鼠标 没有 太小 发票 说好 电脑 其他 东西 分开 开具 京东 蓝屏 不过 一栏 硬盘 模式 改为 即可 驱动 网上 下载 驱动 就行了 扩展 接口 位置 左面 设计 人性化 散热 配套 散热 右面 厚度 有点
",1,"1
","1
","1
","1
"
" 散热 确实 一般 尤其 左上角 比较 当然 不至于 烫手 电源 插口 位置 光驱 阻碍 光驱 自带 喇叭 比较 不过 笔记本 基本 那样 追求 音响效果 肯定 外置 屏幕 暗点 外壳 轻微 划痕 光驱 那个 声音 有点 法拉利 感觉 散热 有点 不行 还有 店店 确认 货款 麻烦 确认 确认 装机 散热 不怎么样 运行 响应 可能 要装 补丁 知道 是不是 个例 键盘 空空 华硕 维修 下用 双面胶 起来 键盘 晃悠 晃悠 请问 京东 这个 怎么 处理 拿到 时候 里面 疤痕 不过 感觉 影响 不大 不管 机器 预装 简单 图形界面 没有 只能 重装系统 还有 就是 京东 价格 没有 优势 是因为 电视 有券 这儿
",1,"1
","1
","1
","1
"
" 为什么 英文 输入法 有些 键盘 错位 原因 不会 键盘 问题 知道 为什么 开机 时候 光驱 声儿 特别 而且 习惯 只有 还是 换成 起来 速度 说得过去 声音 太小 女朋友 联想 声音 那个 真是 只能 外置 音响 还有 就是 内存 系统 需要 适应 好长时间 没有 预装 赠送 软件 礼包 其实 不是 免费 诺顿 使用期 机子 电脑 背包 桌子 还有 没配 另外 方便 操作 左边 感觉 就是 缺点 别的 使用 发现 电源 开机 发现 电源 按钮 旁边 划痕 联系 京东 告知 外观 缺陷 不能 更换 客服 甚至 可能 人家 就是 那样 设计 磨具 明显 规则 划痕 大概 其他 购买 记得 送货 见证
",1,"1
","1
","1
","1
"
" 开箱 检查 外观 太小 用惯 台式 小本 习惯 想像 没有 小时 大概 小时 没有 自带 自己 于是 每天 提醒 使用 正版 有点烦 电脑硬件 方面 缺点 显卡 运行 大型 游戏 有些 吃力 而且 经常出现 简单 游戏 出现 贴图 错误 更换 驱动 如此 所以 只能 设计 还有 缺陷 其次 京东 质量 问题 键盘 左上角 处有 明显 塌陷 右边 快捷键 驱动 要到 网上 下载 系统 不会 悬浮式 键盘 虽然 好看 容易 积灰 这个 软件 没有 根本 没有 看不到 相应 这个 快捷键 摆设 重量 长时间 运行 热量 还是 有点 基本 就是 鸡肋 还是 驱动 盘中 竟然 没有 驱动 需要 网上 比较 麻烦 分区
",1,"1
","1
","1
","1
"
" 真的 不合理 备份 恢复 其他 地方 连同 系统 里面 如果 这个 直接 划分 影响 系统 费劲 尤其 声卡 要装 装完 启动 声音 有破 莫名其妙 但是 触摸屏 失效 但是 折腾 郁闷 不过 总体 喜欢 老婆 系统 难搞 版本 杀手锏 结果 内胆 比较 由于 电池 缘故 重量 稍微 突出 设计 但是 还是 没有 浑然一体 最大 问题 升级 没有 提供 空余 内存 扩展槽 如果 升级 需要 条子 替换 自带 条子 非常 不好 触摸板 按键 确实 手劲 大家 禁用 改用 无线 鼠标 无法 打开 驱动程序 光盘 没能 找到 补丁 一旦 打开 立即 蓝屏 原想 自己 内存 但是 后背 螺孔 禁拆 标签 说明 没有
",1,"1
","1
","1
","1
"
" 大厂 风范 没有 这个 限制 买完 老总 电脑 商场 一样 东西 鼠标 拿下 郁闷 大家 算算 差价 屏幕 反光 历害 镜面 缺德 办法 发现 只有 系统 有款 普屏 太贵 稍微 有点 屏幕 清晰度 比起 其他 品牌 机身 鼠标 按键 手感 不好 显示 率用 起来 还是 如果 采用 压缩 显示方式 速度 财务 报帐 机子 速度慢 售后 问题 就是 机子 问题 是不是 他们 问题 转轴 设计 不好 屏幕 后面 缝隙 很大 变形 只能 前侧 硬盘 被格 郁闷 似乎 一般 还要 没有 安装 或者 消费者 自己 安装 时候 容易 装错 顺序 导致 声卡 显卡 能够 正常 运行 官方 驱动程序 比较 浪费 蓝牙
",1,"1
","1
","1
","1
"
" 键盘 缝隙 易进灰 右侧 似乎 暗点 明显 进一步 测试 个人 认为 不如 看起来 舒服 瑞星 没用 不如 换成 鼠标 重装 系统 之后 开机 人脸识别 没有 只能 看到 摄影 头像 其他 看不到 不到 摄像机 位置 安装 其他软件 内存 较为 电池 位置 比较 导致 掌托 左边 容易 发热 散热 后面 但是 鼠标 使用 起来 必须 散热 导致 容易 发热 还有 就是 显示器 缝合 比较 间隙 所以 磨具 需要 改进 刷新 系统 驱动 工程 没完 知道 长期 使用 怎么样 网上 无线 网卡 有些 问题 有点 程序 别扭 机器 有点 玩游戏 速度 还是 差点 接口 位置 不合理 触摸板 材质 不好 手感 较涩 接口
",1,"1
","1
","1
","1
"
" 只有 大虾 帮帮忙 进行 分区 增加 E盘 操作 错误 结果 原来 D盘 不见 只有 C盘 怎么 恢复 钢琴漆 缺点 容易 指纹 指纹 收集器 C盘 到手 硬盘 模式 另外 驱动 装不上 声音 就让 禁用 不会 开机 提示 安装 知道 是不是 原因 有点 网卡 有点 不好 区分 大家 可以 电话 询问 或者 使用 最新版 进行 识别 方法 可以 内存 有点 附赠 鼠标 太小 发现 时候 桌面上 拖动 鼠标 延迟 现象 原因 明确 长时间 使用 托出 微热 系统 分区 麻烦 目前为止 安上 高手 指点 已经 下装 键盘 有待 提高 电池 电源线 太粗 电源 用得着 这么 可以 开水 白白 增加 成本 主要 增加
",1,"1
","1
","1
","1
"
" 重量 削弱 上网 轻巧 优势 微星 笔记本 售后 没有 操作系统 自己 不少 时间 而且 驱动 麻烦 还有 光驱 响当当 厉害 散热 不好 不再 空调 稍微 运行 小时 时间 死机 笔记本 外观 差点 意思 不过 这个 价格 玩游戏 呵呵 比较 极品飞车 有点 不动 样子 笔记本 外壳 神舟 一样 体现 牌子 电池 实际 续航 时间 太短 同方 吝啬 说明书 驱动 光盘 没有 包和 鼠标 没有 电源适配器 电源线 别的 牌子 货源 紧张 自带 运行 实在 太慢 自己 内存 还行 为什么 包装盒 出厂 配置 标签 上印 双核 处理器 摄像头 要是 磨具 没有 安装 扫兴 宁愿 可以 作为 选配 容易 指纹 偏重 屏幕 寸会
",1,"1
","1
","1
","1
"
" 舒适 键盘 部分 有点 适配器 端面 曲面 貌似 美观 但是 电源插头 干嘛 设计 曲面 平面 曲面 相连 机械 设计师 败笔 稍微 断电 驱动 麻烦 而且 存在 升级 麻烦 要命 居然 完货 心里 强烈 平衡 为什么 要刷 主板 导入 代码 证书 才能 而且 鼠标 方便 用惯 了倒 无所谓 电源 插口 容易 碰到 经常 断电 非常 奇怪 问题 随机 光碟 上面 居然 只是 说明书 文档 驱动 不要 客户 自己 网站 下载 网站 驱动 下载 做得 不好 完全 一样 知道 如何是好 感觉 刻录 时候 声音 比较 还有 就是 系统 时候 麻烦 希望 提供 相应 驱动 什么 要装 不到 下载 地方 屏幕 色彩
",1,"1
","1
","1
","1
"
" 有点 鲜艳 是否 能调 朋友 麻烦 告诉 杜比 音响 一般 低音 没有 低音炮 好像 挺烫 自带 驱动 无线 网卡 驱动 问题 安装 总是 出错 客服 人家 重装系统 办法 只好 下载 驱动 精灵 另外 如果 系统 更好 不是 镜面 风扇 开机 没停 声音 比较 稍微 快递 不负责任 居然 不是 本人 亲自 签收 不是 特别 不知 还是 硬盘 电源线 电源适配器 地方 特别 稍微 一动 时候 朋友 相比 促销 性价比 连个 驱动 光盘 机器 想像中 厚重 回来 系统 内存 还是 有点 小气 虽然 够用 无论如何 升级 有点 自带 系统 茫然 竟然 进去 只好 重新 分区 驱动 不是 直接 不能 打开 官方网站 下载
",1,"1
","1
","1
","1
"
" 驱动 没能 声卡 无线 网卡 驱动 起来 知道 咋办 摄像头 像素 一般 键盘 手感 不如 插槽 屏幕 视角 太小 色域 只能 凑合 转轴 塑料 偏重 麻烦 首先 遇到 问题 折腾 小时 接着 深度 开始 内存 错误 不到 网上 说法 内存 问题 保佑 电脑 质量 不要 问题 麻烦 偏重 散热 一般 满载 还有 该死 华硕 机器 竟然 没有 对应 驱动 气死人 只能 兼容 驱动 系统 稳定 电影 听歌 偏偏 那么 麻烦 运气 一直 不好 光驱 有点 读盘 不好 安装 张盘 电池 时间 只有 小时 屏幕 习惯 既然 屏幕 体积 更好 事先 知道 觉得 有些 别扭 那么 边框 幸亏 没买 白色
",1,"1
","1
","1
","1
"
" 不然 大黑 难看 没有 没有 相头 最大 问题 键盘 钢板 翘起 顶住 不能 同时 左向键 头上 技术人员 处理 不爽 倒扣 退货 时间 电池 占据 后部 全部 位置 致使 其余 方向 接口 位置 显得 较为 拥挤 操作系统 反应速度 有点 配件 搭配 鼠标 包都 没有 另外 购买 麻烦 还有 就是 送到 农村 送货 服务 不是 满意 另外 就是 客服 电话 根本 打不进 配置 貌似 不错 号称 游戏王 运行 原装 系统 发热量 官方 没有 系统 驱动 暂未 据说 可能 桌面 导航 不了 暂未 尝试 显示 频触 碰会 弹簧片 颤动 暂时 发现 缺点 没有 摄像头 但是 预留 不过 摄像头 好像 没有 如果 屏幕
",1,"1
","1
","1
","1
"
" 再有 蓝牙 系统 装好 完美 呵呵 幸亏 网上 驱动 费事 散热器 杀毒软件 怎么 我个 总的来说 值得 购买 做工 粗糙 尤其 键盘 没法 价格 只能 这样 没有 内置 蓝牙 模块 而且 如果 加装 还要 东西 屏幕 浏览 网页 感觉 太短 比较 原来 差不多 屏幕 液晶屏 外面 玻璃 手写 手托 这里 发热 明显 塑料 感觉 明显 但是 性价比 考虑 已经 算是 不错 选择 电源适配器 厉害 真的 而且 电脑 里面 东西 没有 自己 动手 没有 鼠标 没有 保护膜 没有 杀毒软件 没有 鼠标垫 基本上 什么 没有 而且 京东 送货 速度 越来越 中通太 垃圾 通知 地方 送到 自己 去取 京东 那个 大件 不用 快递
",1,"1
","1
","1
","1
"
" 还有 哪位 大哥 知道 麦克风 麦克风 声音 重装 系统 比较 麻烦 标准 系统盘 需要 修改 模式 否则 蓝屏 奥特 蓝星 音箱 想象 声音 知道 是不是 调整 买来 发现 作为 卖点 音箱 杂音 特别 耳机 时候 正常 如果 外放 不管 播放 什么 声音 里面 杂音 而且 不是 好像 什么 东西 金属 杂音 华硕 售后 检测 必须 进行 音响 更换 可以 解决问题 发热量 还是 配置 同级 别的 配置 最少 这样 配置 系统 还是 有点 指纹 收集器 没送 原装 鼠标 需要 自己 不太好 美中不足 就是 内存 败笔 再有 就是 如果 能够 集合 蓝牙 指纹识别 一体 不胜 臆想 呵呵 系统 进不去 安装 系统
",1,"1
","1
","1
","1
"
" 声卡 驱动 费劲 蓝牙 不到 价格 有些 散热 控制 不是 可能 显本 通病 音质 太烂 有待 改进 没有 系统 而且 附带 驱动 想装 系统 必须 华硕 官网 下载 驱动 比较 麻烦 过于 厚重 当然 可能 预期 太轻 发热量 较大 另外 莫名 奇妙 发票 质保 介绍 包卡 严重 统一 没有 配置 蓝牙 功能 预装 习惯 自己 安装 系统 有点 麻烦 低端 散热 做工 设计 用料 高端 还是 价格便宜 出风口 温高 别的 随机 驱动 没有 方便 没有 模具 没动 成本 鄙视 待机 文档 编辑 高清 抢购 性价比 样子 可以 质量 质量 结实 驱动 只有 驱动 装成 相信 不会 笔记本 基本 扩展
",1,"1
","1
","1
","1
"
" 没有 接口 视频 非常 麻烦 当然 这样 特地 电源 不过 已经 上下 吻合 左托 有点 内存 不是 方便 时候 差点 触控板 连接线 扯下来 搞不清楚 为什么 不能 螺丝 机械 固定 非得 双面胶 模具 只能 一般 这个 系统 没了 不过 经验 想要 帮忙 可以 内存 不过 可以 普通 够用 原配 电池 比较 耐用 电量 可以 购买 电池 拓展 包包 本本 放得 应该 改送 配套 小包 需要 加送 内胆 提货 试机 开机 电源 突然 自己 启动 不知 什么 原因 调制解调器 虽然 机会 但是 偶尔 需要 传真 好用 有配 鼠标 这个 居然 鼠标 驱动 里面 无线 网卡 驱动 需要 自己 下载 驱动 发热
",1,"1
","1
","1
","1
"
" 比较 收到 顺丰 送来 本本 非常 不错 只有 疑问 不是 背光 全黑 状态 关闭 还是 能够 看到 屏幕 下方 白色 漏光 感觉 是不是 联想 忽悠 我们 还是 记错 呵呵 屏幕 所以 看起来 很小 键盘 还是 手感 很烂 没有 预想 以为 惠普 后盖板 设计 严重 鄙视 内存 键盘 拆掉 配备 驱动 安装 还要 官网 下载 官网 驱动 还要 官网 下载 内存 开机 风扇 声音 预装 系统 一时 不到 用户名 密码 实际 可用 只有 电脑包 鼠标 没有 屏保 发现 没有 自己 这些 东西 其他 地方 报价 差不多 没给 系统 自己 其他 电脑 麻烦 钢琴 烤漆 就是 指纹 收集器 还是 喜欢 以前
",1,"1
","1
","1
","1
"
" 磨砂 电脑 系统盘 重新 分区 长时间 而且 感觉 机器 不是 结实 U盘 果然 这次 认到 马上 格式化 然后 进行 结果 大家 猜到 装好 不过 后头 事情 还有 驱动 最最 麻烦 回来 分区 不好 C盘 空间 D盘 空间 自己 不了 还是 恢复 打回 原形 左手边 那个 重量 还是 然后 电池 出来 我一 这个 电池 太小 竹竿 差不多 难怪 标称 小时 使用 时间 然后 这个 还是 有点 笔记本 内胆 差点 进去 摄像头 感光 黑处 效果 接受 触摸屏 按键 有点 需要 改进 硬盘容量 实际 查看 分区 只有 打电话 华硕 销售 解释 什么 还有 隐藏 分区 黑色 表面 容易 指纹 降价 速度 疯狂
",1,"1
","1
","1
","1
"
" 抢购 之后 降价 而且 拿货 时候 屏幕 有个 亮点 可能 心片 缘故 跑不了 版本 可以 只有 所以 一键 没用 菜鸟 比较 麻烦 可能 系统 没送 鼠标 不过 没什么 关系 适应 重装 有些 功能 无法 实现 要是 直接 系统 机器 看着 重量 有点 散热 还是 独显 还是 机器 就要 屏幕 黑边 面目全非 极其 习惯 没有 发现 其他 什么 问题 续航 时间 小时 说明 就是 风扇 声音 有些 不是 频率 刺耳 不过 这个 价格 有些 麻烦 驱动 不好 最好 外壳 彩绘 保护膜 有些 厚重 京东 没关系 呵呵 毕竟 银子 这个 价格比 市面 预装 系统 不好 回来 费劲 重装 内存 如果 配套
",1,"1
","1
","1
","1
"
" 选择 上面 最后 发现 左侧 双面胶 什么 意思 不想 内存 讨厌 那个 东西 这个 东西 意味着 短时间 看不出来 可是 时间 发现 明显 厂家 态度 问题 敷衍了事 系统 非常 糟糕 为什么 预装 由于 系统 导致 非常 困难 九牛二虎之力 搞定 还有 驱动 问题 可能 安装 顺序 限制 开头 装完 驱动 问题 出现 电脑 包装 纸盒 有个 非常明显 鞋印 想象 京东 包装 运输 不是 操作 礼包 电脑屏幕 保护 弯折 没法用 摄像头 像素 视频 不是 特别 清晰 显示屏 侧面 度曲 发现 漏光 系统 开机 严重 电源适配器 强烈要求 同等 配置 下比 别的 不少 品牌 广告费 光驱 装得 有点 凹陷 添装 内存 有点 麻烦 不过
",1,"1
","1
","1
","1
"
" 瑕不掩瑜 就是 有点 还是 有点 就是 有点 还是 有点 就是 有点 还是 有点 就是 有点 还是 有点 就是 有点 还是 有点 就是 有点 还是 有点 就是 有点 还是 有点 就是 有点 还是 有点 只有 试用期 马上 麻烦 电池 不经 只能 小时 不到 还是 节能 模式 比较 普通 做工 不好 商城 那款 东芝 笔记本 包是 一样 希望 安装 系统 确实 而且 习惯 自己 有个 正版 知道 安装 正版 是否 影响 保修 时间 还是 比较 缺点 网线 电源接口 左边 方便 散热量 有点 扩展 接口 不是 音量控制 按钮 硬盘 京东 产品描述 硬盘 系统 内存 显得 显示屏 太烂 信号 切换 时候 波纹 延迟
",1,"1
","1
","1
","1
"
" 明显 触控板 人用 触控板 肯定 要是 预装 这个 系统 实在 不来 系统 带到 公司 懂行 网卡 问题 知道 是不是 驱动 问题 时候 之后 标语 消失 上当 系统 可以 凑合 激活 键盘 比较 生硬 最大 诟病 就是 内置 摄像头 简直 就是 垃圾 而且 整机 别的 品牌 要大 便携性 稍差 分区 麻烦 不好 最好 以后 出来 提供 更换 系统 服务 发票 上写 明白 电话 客服 处理 直接 音信 京东 在线 客服 竟然 因为 优惠 没有 包儿 觉得 不合理 既然 没有 就别 写赠 价格 赠品 什么 还要 自己 只有 硬盘 号称 其实 只有 联想 品牌 不到 问题 而且 只是 上上网 看看 电影
",1,"1
","1
","1
","1
"
" 认识 京东 货有 问题 我会 告诉 所有 朋友 不要 网上 东西 杀毒软件 试用版 摄像头 使用 有点 麻烦 设置 更改 视频 设备 视频 设备 电池 突出 有点 硬盘 震动 稍稍 屏幕 仰角 容易 翻过去 外壳 容易 指纹 比较 难看 气泡 整体 严重 漏光 不让 郁闷 不是 质量 问题 同学 打死 发现 屏幕 坏点 客服 坏点 才能 退换 郁闷 没有 提供 驱动 论坛 没有 推出 相应 驱动 因此 使用 忍受力 安装 驱动 考验 没用 鼠标 包包 小气 合一 读卡器 这样 东西 估计 所有 消费者 以为 外置 有点 忽悠 嫌疑 其实 笔记本 插槽 基本上 所有 电脑 官方 碟子 驱动 真是 郁闷 拿到
",1,"1
","1
","1
","1
"
" 还是 自己 重新 鼠标 垃圾 屏幕 分辨率 比较 难受 上看 显存 不是 要是 鼠标 另外 小时 触摸板 右边 温度 有点 由于 仪器 测量 系统 麻烦 头牛 老虎 力气 建议 以后 我们 装好 大家 愿意 快递 小袋鼠 垃圾 送上门 下楼 快递 要是 大家 之类 高层 库存 信息 上海 现货 为什么 上海 订货 北京 发货 时间 物流 信息 只有 记录 后面 信息 没有 根本 没法 安排 时间 收货 最后 还是 自己 去取 这样 物流 真的 对不起 京东 牌子 没多久 没有 显示 稍稍 点点 想象 那个 那个 存储 宣传 扯淡 结果 发现 网上 这个 虚假 宣传 操作系统 安装 麻烦 指点 钢琴漆 镜面
",1,"1
","1
","1
","1
"
" 不能 指纹 可惜 有缘 产品 发表 评价 同城 情况 京东 快递 可惜 订单 确认 结束 时间 整整 可惜 右托 掌处 外壳 接缝 不严 好像 下面 那个 脚座 其他 这个 不爽 之外 还行 接口 而且 位置 人性化 高清 音频 驱动 网上 没有 网上 下载 有点 虽说 但是 背着 费力 尤其 单肩 双肩包 可以 不过 热天 就是 背着 直接 家里 再也 开始 还好 开始 风扇 开始 噪音 影响 心情 系统 换回 接口 比较烦 不过 问题 还有 就是 这里 东西 东西 不错 可以 小巧 东西 不错 可以 小巧 东西 不错 可以 小巧 预装 系统 给分 不合理 优点 缺陷 非常 麻烦 需要 准备
",1,"1
","1
","1
","1
"
" 外置 软驱 光驱 南桥 驱动 官方 没有 驱动 下载 只有 客服 电话 他们 发给你 尤其 声卡 极其 麻烦 建议 菜鸟 要装 不要 机子 问题 京东 价格 保护 不好 限制 条件 订单 咨询 客服 可以 申请 价保 但是 提货 告知 因为 赠品 一样 不能 申请 价保 所以 郁闷 费劲 软件 方面 不足 总之 便宜 操作系统 驱动 问题 自己 解决 虽然 麻烦 可以 接受 这个 机型 散热 实在 面板 容易 划坏 内存 时候 不得不 敬佩 员工 你们 螺丝 可能 是我太 本本 竟然 原装 系统 问题 无法 启动 客服 服务 快递 原装 恢复 已经 正常 使用 希望 以后 不要 出现 这种 问题
",1,"1
","1
","1
","1
"
" 光驱 声音 惊人 光盘 很轻 大概 问题 美中不足 送来 赠品 包包 质量 有点 问题 京东 不让 感觉 有点 遗憾 端口 漆面 手印 随身带 清洁 商品 本身 就是 有点 划花 但是 可以 忍受 但是 京东 配送 实在 气愤 赠送 杀毒软件 只有 使用 价格 有些 地方 因为 所以 方便 下单 可能 电池 原因 机器 有点 确实 指纹 处理器 虽然 标称 频率 生给 降到 虽然 完全 但是 浪费 硬盘 确实 需要 有点 耐心 系统 有点 准备 情况 不难 硬盘 驱动 琢磨 还有 不算 缺点 不足 机器 款式 比较 相对 屏幕 保护 还有 键盘 保护 比较 屏幕 巧克力 键盘 新潮 系统 安装 比较
",1,"1
","1
","1
","1
"
" 麻烦 特别 安装 驱动 麻烦 触摸板 滑动 不行 驱动 而且 网上 找到 鼠标 触摸屏 驱动 不到 正常 使用 只能 系统 麻烦 物流 粗心 送货 别的 客户 家里 忘记 可能 主板 比较 特殊 启动 光盘 不能 识别 光驱 不过 好像 萝卜 花园 可以 识别 降价 郁闷 价格 保护 不起作用 做工 要是 更好 机器 散热 感觉 样子 比较 死板 键盘 按键 不怎么 舒服 硬硬 没点 手感 触摸板 好像 没有 散热 一样 比较 键盘 手感 有待 提高 驱动 竟然 只有 驱动 还要 网站 下载 非常 人性化 价格 高点 虽然 觉得 市场 差别 越来越 没有 优势 系统 速度慢 没有 摄像头 内存 费劲 屏幕
",1,"1
","1
","1
","1
"
" 合上 右边 合不 严实 有点 这个 价位 没有 随机 赠送 鼠标 分区 不合理 键盘 感觉 不敢 很大 打字 很轻 小心翼翼 感觉 容易 发货 没人 联系 还是 主动 联系 客服 始终 答复 信用卡 付款 最后 还用 现金支付 非常 满意 外壳 塑料 感太 没有 配置 驱动 光盘 预留 摄像头 知道 怎么 配套 驱动 光盘 质量 移动 光驱 认不出 台机 光驱 上读 吃力 盘片 质量 不让 满意 还好 网络 可以 下载 不过 华硕 支持 网站 显示 错误 没什么 缺点 反正 上网 不能 性能 要求 实在 要说 缺点 就是 重装 感觉 运行 速度 没有 预想 那么 系统 菜鸟 稍微 困难 主要 以为 到手
",1,"1
","1
","1
","1
"
" 可以 进去 结果 不能 回复 高手 装好 前面 人说 一样 设置 安装 然后 备份 了下 自己 可以 回复 散热 不好 有点 烫手 而且 系统 麻烦 搞定 另外 摄相头 效果 不好 预装 系统 改装 麻烦 小时 还是 可以 全装 屏幕 反光 厉害 长宽 比例 奇怪 所以 找到 合适 贴膜 按键 有时 不够 灵敏 底部 前边 风扇 运行 什么 东西 时候 噪音 比较 散热 不太好 屏幕 两边 漏光 严重 鸡肋 重装 方便 镜面 指纹 收集器 专用 驱动 亮点 超过 商家 厂家 不管 商品 本身 没什么 问题 不过 京东 商城 配送 服务 提高质量 原本 商城 疏忽 改成 快递 交易 结束 后退 邮费
",1,"1
","1
","1
","1
"
" 另外 那些 更是 不值一提 选来 选去 三星 这款 不错 以前 三星 不好 这次 不错 屏幕 还是 比较 眼睛 长时间 还有 系统 需要 重装 需要 比较 专业 人士 这样 业余 还是 自己 应付 不了 键盘 左上角 稍微 严重 下陷 做工 不敢恭维 以前 小黑 键盘 效果 天壤之别 难怪 网上 大家 承认 属于 塑料 外观 一般 做工 不怎么样 拿到 键盘 上边 翘起 还好 估计 装配 没有 扣好 不然 就要 送修 掌托 部位 温度 比较 不过 测试 温度 还好 反正 影响 速度 其他 还好 还有 就是说 无线 网卡 插槽 没找 出来 京东 信息 预装 朋友 朋友 喜欢 只能 自己 联想 给格 重装 联想
",1,"1
","1
","1
","0
"
" 太厚道 大家 喜欢 为什么 实惠 实用 便宜 速度 一键 恢复 支持 京东 选择 快递 公司 送货 太慢 而且 外包装 还有 磕碰 痕迹 还好 里面 包装 完整无损 买不到 报价 已经 恶心 驱动 太烦 无线 网卡 驱动 不能 识别 无线网络 不知 什么 时候 办法 摄像头 不到 驱动 官方网站 没有 电脑 不到 摄像头 硬件 __ 估计 这款 根本 没配 光驱 声音 有点 恐怖 最好 不用 散热 不咋地 这个 说法 比较 比起 其他 还是 那个 太慢 到手 就格 不然 太慢 无法忍受 同学 那儿 系统盘 清楚 记得 放进 光驱 可是 打开 光驱 却是 郁闷 尴尬 恐怖 发热 静音 一般 屏幕 一般 还有 就是 快递
",1,"1
","1
","1
","1
"
" 公司 放到 单位 传达室 没验 验货 要是 途中 摔坏 杀毒软件 强烈不满 京东 说法 系统 重新 知道 什么 原因 京东 降价 不爽 总线 搭配 内存 不合理 重量 确实 偏重 比起 一般 笔记本 还是 底部 中心 发热量 比较 气温 可以 接受 合上 的确 缝隙 时候 没什么 影响 知道 以后 怎样 硬盘 个区 实在 无法 接受 随机 内存 吃力 飞快 无法 分区 分区 软件 兼容 办法 换回 预装 没用 系统 如果 附送 正版 操作系统 如果 内置 摄像头 耳麦 完美 哪怕 大洋 散热 还是 有些 问题 右手掌 托和 触摸板 有点 厉害 做工 不知 是否是 个别 问题 系统 麻烦 重新 分区 文件 半小时 不是
",1,"1
","1
","1
","1
"
" 经典 磨沙 有点 遗憾 相信 采用 经典 磨沙 喜欢 多些 惠普 预装 软件 竟然 进程 垃圾 单核 特效 关机 还是 有点 上市 本本 驱动 想换 只能 预装 系统 运行 较慢 改装 很大 驱动 需要 麻烦 钢琴 烤漆 外壳 漂亮 但是 容易 手印 安装 之前 网站 上面 下载 驱动 安装 一切 速度 很快 京东 主要 问题 就是 没有 预装 系统 还要 自己 盗版 比较 不爽 键盘 比较 容易 灰尘 声音 一般 不够 而且 感觉 声音 调节 按键 就是 系统 不会 只有 然后 自带 驱动 支持 自己 网上 下载 内胆 包不 一样 其中 内胆 实在 蹩脚 笔记本 外壳 贴膜 没有 搞不懂
",1,"1
","1
","1
","1
"
" 难道 三星 山寨 感觉 屏幕 别人 电脑 运行 时能 听到 硬盘 还是 风扇 声音 太爽 显卡 好像 不咋地 不过 怎么 那个 新版 热带鱼 屏保 运行 不了 这么 水吧 价格 有点 电池电量 消耗 机身 容易 留下 指纹 其它 没有 发现 人情 没有 赠品 一样 没有 可恶 散热 不好 机器 怪不得 散热器 自带 红旗 系统 垃圾 有点 键盘 有点 鼓起来 感觉 比较 屏幕 有点 刺眼 亮度 调低 有点 时间 感觉 眼睛 舒服 知道 没有 还是 其它 原因 系统 习惯 开始 不会 执行 才能 功能 默认 打开 设置 无法 正常 安装 光盘 驱动 版本 出风口 温度 不过 独显 本子 大都 这样 不了
",1,"1
","1
","1
","1
"
" 网卡 驱动 哪位 大侠 知道 怎么 网卡 驱动 官网 下载 没有 网卡 驱动 开封 担心 亮点 服务员 告诉 产品 问题 签字 没什么 郁闷 交费 验货 还好 机子 问题 完美 不过 清楚 如果 出现 亮点 怎么 处理 你们 一定 清楚 幸运 代表 你们 幸运 这个 电池 着实 奇怪 鼓出来 影响 美观 还有 连接 地方 有点 平衡 不错 角度 就是 重装系统 麻烦 默认 系统 习惯 小时 萝卜 家园 总算 装好 问题 大家 可以 宏基 客服 电话 他们 指导 操作 如何 重装系统 内存 有点 虽然 自己 已经 但是 不如 京东 直接 促销 内存 更好 人性化 还有 电脑 居然 没有 包包 人性化 采购
",1,"1
","0
","0
","1
"
" 一般 电脑包 京东 有点 小气 其中 键盘 鼠标 爆掉 机器 键盘 鼠标 坏掉 换货 其他 没有 发现 什么 问题 还有 比较 系统 麻烦 然后 改回 有点 而且 搞不定 激活 外包装 内存 可是 清单 标的 知道 怎么回事 希望 了解 朋友 帮忙 解决 谢谢 电池 不算 强劲 小时 极限 屏幕 没有 想象 电影 问题 处理 图片 色差 还是 有点 知道 不会 有用 看来 不能 保证 图像 显示 还原 程度 键盘 稍微 快点 时候 有些 字母 但是 就是 没上去 好像 主要 左边 以前 买过 见到 笔记本 屏幕 保护膜 这次 没有 不会 返修 用过 肯请 大家 告诉 你们 触摸板 那里 有点 知道 是不是
",1,"1
","1
","0
","1
"
" 正常 现象 外壳 塑料 有点 结实 感觉 觉得 内胆 打字 时候 键盘 半边 明显 下陷 屏幕 两边 漏光 等货 时间 有点 才能 系统 运行 有点 勉强 接受 硬盘 不时 异响 华硕 笔记本 好像 这个 问题 屏幕 色彩 表现 方面 好像 没有 其他 品牌 艳丽 比如 上网 硬盘 响声 比较 听到 较大 可可 知道 大家 有没有 这种 问题 机器 发热 比较 键盘 中间 按键 比较 一按下 键盘 想象 要烂 光驱 有时候 声音 比较 摄像头 鸡肋 功能 不错 没有 没什么 不足 这个 价格 这个 配置 这个 做工 还有 什么 款本 肯定 不行 必须 升级 华硕 提供 主板驱动 没有 系统 驱动 客服
",1,"1
","1
","1
","0
"
" 只能 官网 网下 打不开 页面 刷新 打开 运气 如果 预装 可以 客户 选择 购买 太懒 发热 光盘 声卡 驱动 没用 网下 机器 喜欢 钢琴 面得 但是 电脑 比较 容易 所以 熊掌 不可 自己 注意 就是 系统 比较 尤其 一定 串口 驱动 系统盘 安装 否则 比较 郁闷 最后 还是 还好 没有 什么 大型 商业软件 需求 就是 没有 系统盘 装起 推荐 不用 但是 主板 芯片 软件测试 网上 一样 知道 怎么回事 拿到 降价 亏了 保价 要是 有个 降价 补偿 稍微 可能 硬盘 原故 还要 再轻 其他 进一步 验证 气泡 不了 就要 更换 屏幕 没有 要强 建议 配赠 用户 自己 内存 喇叭 那样
",1,"1
","1
","1
","1
"
" 但是 声卡 太烂 外接 惠威 声音 台式机 明显 差距 没有 系统 光盘 亮面 外壳 容易 屏幕 亮点 比较 靠边 笔记本 发现 接电源 笔记本 电源 灯不亮 倒霉 申请 换货 居然 其它 附件 鼠标 这种 怎么 还有 就是 随便 摄氏度 以上 使用 担心 明白 为什么 机器 杂音 并且 杂音 很大 好像 没有 别的 用户 一样 三星 售后 是不是 质量 问题 倒霉 发现 电脑 麦克 问题 通话 对方 听不清 声音 已经 发回 换货 希望 只是 个别情况 系统 不爽 就算 麻烦 装个 图形界面 什么 之类 水表 不错 鼠标 舒服 显示器 分辨率 刷新率 系统 有点 麻码 时间 建议 厂家 盘中 详细 安装 说明书 散热
",1,"1
","1
","1
","1
"
" 系统 以前 小时 烫手 京东 说道 检测 耽误 没法 国家 质检 总局 不了了之 显示屏 遇到 次品 商品 满意 主要 服务 方面 京东 客服 电话 不通 灰色 白色 没有 驱动 自己 下载 比较 麻烦 还有 就是 没有 更改 E通 没法 安装 风扇 声音 有点 指纹 收集器 外壳 工艺 较差 偏软 发热量 较大 人品 不好 发现 暗点 没地 索性 能换 机器 郁闷 无线 信号 不太好 本本 信号 平均 升级 驱动 网卡 属性 参数 微调 信号 比未 任何 优化 本本 无线 没有 扩展 插槽 键盘 灵活 方向键 太小 方便 预装 自己 随机 驱动 光盘 只有 驱动 光盘 人性化 里面 没有 提供 硬盘
",1,"1
","1
","1
","1
"
" 运行 模式 切换 选项 安装 原版 不行 需要 集成 驱动 光盘 引导 安装 网上 居然 没有 驱动 只有 网上 找到 其他 本友 提供 驱动 C盘 可以 下能 分区 软件 蛮大 力气 外壳 太薄 没有 信心 感觉 散热 不太好 触摸板 地方 开机 烫手 当即 风扇 本本 散热器 键盘 没什么 感觉 不能 识别 情况 没有 出现 外观 一般 摄像头 像素 手机 清楚 散热 有点 系统 网卡 驱动 装完 网关 无法 上网 多次重复 安装 确定 驱动 问题 驱动 太烂 同方 网站 问题 不爽 这个 型号 机器 其他 地方 别说 下载 别的 驱动 声音 有爆 安装 系统 驱动 非常 麻烦 专业 人员 时间
",1,"1
","1
","1
","1
"
" 散热 确实 不太好 显卡 装上 驱动 显示 没有 同方 服务 金卡 只有 电池 延保卡 要是 送包 鼠标 更好 散热 不行 起来 系统 散热 底座 效果 郁闷 速度 一般 而且 应该 适合 年轻人 因为 字体 算是 比较 老爸 看不清 温度 系统 安装 杀毒软件 垃圾 删除 机器 自带 试用 软件 彻底 死机 恢复 不了 恢复 没有 分区 C盘 重要文件 不停 备份 细节 比较 粗糙 连接 液晶屏 地方 可以 看见 电线 内置 海力士 内存 不怎么样 主板 不怎么样 不能 流畅 运行 办法 重新 内存 大家 京东 东西 一定 谨慎 出现 问题 就是 自己 到处 他们 不会 小心 上当 东西 不够 糟心 京东 东西
",1,"1
","1
","1
","1
"
" 省心 机子 有点 合适 外出 携带 京东 客服 电话 基本 摆设 触摸板 那里 温度 包装箱 拆开 不知 何故 电池 续航 能力 不足 外壳 塑料 右手掌 托处会 光驱 推进 时候 利索 价格 再降 完美 屏幕 就是 家人 但是 想不到 这么 高度 宽度 严重 失调 亮度 可以 光驱 工艺 不好 松散 光盘 稍微 不紧 就读 收到 打开 发现 机身 键盘 严重 变形 希望 京东 处理 希望 退货 稍微 钢琴漆 顶盖 容易 指纹 电源适配器 使用 一段时间 之后 比较 烫手 配置 还有 提升 空间 比如 光驱 接口 不够 丰富 最好 包包 键盘 有点 好像 使劲 就要 一样 时间 不是 小时 速度 一般 安装
",1,"1
","1
","1
","1
"
" 系统 最后 还是 入手 具体 有待 摸索 散热 不是 右掌 这里 使用 比较 烫手 别的 地方 还好 还有 屏幕 晃动 比较 厉害 没有 用户 安装 系统 驱动 服务 支持 不好 随机 资料 网上 没有 任何 相关 安装 说明 用户 自己 摸索 查找 下载 安装 过程 暗门 设置 安装 容易 导致 了解 不能 驱动 网上 已经 显示 亚运村 可以 可是 居然 没到 小时 货车 驱动程序 彻底 失望 型号 显卡 经常 蓝屏 这款 例外 明白 这么 公司 驱动程序 为什么 这么 散热 不太好 显卡 驱动 型号 怎么 对不上 上面 英文 网站 显卡 驱动 红警 有点 知道 为什么 魔兽 告诉 为什么 配置 一般
",1,"1
","1
","1
","1
"
" 可能 基本 这样 出去 便携 司马 赠品 包包 鼠标 内胆 不送 麻烦 张盘 还是 不行 最终 大家 评价 看到 有人 光盘 然后 小时 搞定 声音 效果 不好 发热 声卡 驱动 问题 没送 大礼包 感觉 没有 小时 免费 服务 电话 联系 不便 尽快 解决 你们 每天 接电话 你们 难道 欧洲 我们 上班 上帝 上班 你们 难道 还要 睡觉 上帝 你们 叫醒 你们 改改 拜托 发热量 稍微 点点 无线 上网 速度 一般 预装 系统 垃圾 不知 算不算 问题 就是 本本 时候 缝隙 有点 不过 没有 什么 影响 本本 开始 启动 时候 风扇 声音 有点 知道 什么 原因 本本 右上方 有个 红色
",1,"1
","1
","1
","1
"
" 暗点 系统 不是 家庭 高级 有点 忽悠 背出去 好象 屏幕 有个 亮点 不过 很小 很小 呵呵 明显 不过 这种 好象 不算 质量 问题 不是 明显 就算 风扇 声音 有点 而且 起来 间歇性 老公 本本 感觉 本本 聒噪 知道 这个 叫法 普遍现象 还是 个别情况 不过 可能 正是 风扇 声音 所以 散热 不错 其他 暂时 发现 问题 起来 不错 本人 还有 东券 有时候 蓝屏 显示 不知 怎么回事 有没有 大哥 解决 方法 磨具 有点 粗糙 系统 不是 高级 京东 误导 有点 伤心 如果 以前 小黑 质感 不如 机器 近乎 完美 这次 交易 很大 问题 到货 居然 不到 无辜 扣留 找到 服务态度 以后
",1,"1
","1
","1
","1
"
" 不敢 运货 真服了 快递 开始 圆通 转到 没人 告诉 送到 签字 验货 不能 验货 东西 退回去 真是 还有 参数 上说 不符 摄像头 好像 蓝牙 没有 材质 做工 感觉 比较 粗糙 发热 比较 时候 突然 声卡 假如 发生 就是 集成 声卡 问题 比较慢 为什么 预装 C盘 相当 可恶 拿到 感觉 做工 一般 上盖 键盘 有点 凸起 感觉 用料 没有 扎实 感觉 预装 系统 容易 死机 快捷键 驱动 键盘 反应 要装 真是 看着 难受 发明 电池 好像 待机 短点 充满 只能 显示 小时 因为 光滑 所以 容易 手印 有时 熊掌 就是 不能 兼得 还有 就是 有点 不是 这个 价格 预装 瑞星
",1,"1
","1
","1
","1
"
" 兼容 蓝屏 不能 进入 系统 不能 自行 卸载 小心 卡巴 可以 系统 麻烦 驱动 找到 屏幕 亮度 不好 调节 虚拟 滚动 没有 还是 有点 要是 白色 黑色 价格 最好 键鼠 那样 开心 系统 不少 周折 最后 整体 完好 缺点 刚好 腕托 部分 发热 较大 有点 影响 情绪 相比 此时 促销 宏基 感觉 价格 降幅 赠品 什么 比不上 内存 太小 而且 不能 只能 只有 内存 插槽 运行 要死 办法 换成 耳机 右手 略微 影响 鼠标 使用 因为 标配 没有 光驱 习惯 光驱 同学 建议 另购 以备 不时之需 不得不 京东 物流 太慢 下单 收到 居然 礼拜 有点 不过 可以 忍受 键盘
",1,"1
","1
","1
","1
"
" 满意 觉得 显示 颜色 亮度 有点 还是 什么 原因 反正 看着 舒服 没调 光驱 读盘 声音 打印机 可能 遗传 惠普 老本行 系统 费事 最后 命令 什么 然后 重新 分区 系统 好使 说明书 简单 装机 自带 软件 没有 任何 说明 希望 以后 服务 能够 细致 摄像头 清楚 散热 一般 商务 散热 还是 不怎么样 华硕 亮度 不好 声音 音质 以前 原来 音质 真的 垃圾 读盘 声音 键盘 上边 这块 整体 明显 突出 正面 印花 不是 好看 屏幕 尺寸 寸小 键盘 容易 进灰 建议 京东 键盘 贴膜 摄像头 刷新率 好像 官方网站 下载 所有 驱动 统统 发现 还有 未知 设备 郁闷 告诉 安装
",1,"1
","1
","1
","1
"
" 比较 麻烦 关键 一定 安装盘 网上 方法 安装 发现 声卡 问题 时候 回去 发现 鼠标 应该 有点 问题 重装 指纹 收集器 重量 差不多 赶上 不过 续航 时间 份上 还是 接受 触摸板 有时候 有点 反应 滞后 分区 合理 还是 问题 机身 后壳 有点 畸形 正面 触摸屏 外壳 牢固 发现 键盘 上面 按键 地板 较松 光驱 读盘 噪音 安装 音量控制 快捷键 好像 不管 知道 是不是 驱动 安装 一键 恢复 系统 不能 出现 花屏 有人 硬盘 接口 需要 修改 随机 没有 附带 驱动 光盘 系统 时候 还要 自己 惠普 官网 下载 驱动 比较 麻烦 做工 一般 屏幕 不严 应该 没有 锁扣 原因
",1,"1
","1
","1
","1
"
" 感觉 没有 图片 漂亮 要是 蓝牙 电脑 知道 怎么回事 屏幕 估计 系统 问题 习惯 明白 为什么 机器 部分 驱动 不是 最新 无线 上网 时断时续 上官 更新 驱动 正常 续航 时间 没有 介绍 所说 小时 京东 快递 人员 确实 下单 声明 送货 前要 打电话 电话 打来 公司 午饭 时候 送货 因为 公司 采购 午休 上班时间 财务 支票 不能 稍微 不耐烦 粗话 京东 还是 把握 细节 系统 不会 换成 不过 不算 不足 呵呵 系统 操作 习惯 钢琴 烤漆 高档 贴膜 重要 字母 一直 觉得 可惜 国际商用机器公司 支持 未能 提供 相关 产品 硬件 升级 网站 网站 公布 可供 下载 驱动 需要 工程师
",1,"1
","1
","1
","1
"
" 才能 链接 外壳 接缝 有些 地方 过于 同事 另一只 这个 问题 说明 一致性 不是 操作系统 不好 不了 建议 增加 安装 系统 服务 电池 只能 小时 摄像头 基本上 不能 太暗 除非 大灯 照着 自己 有点 上下班 背着 累人 还有 就是 系统 气死人 C盘 分区 办法 分区 结果 还是 系统 搞坏 备份 没用 只有 拿到 服务 还要 大洋 搞好 分区 系统 预期 要重 不少 变压器 发热 超出 预期 放在 桌上 居然 烫手 机器 风扇 声音 比较 表面 手摸 不易 擦拭 预装 系统启动 太慢 原装 有点 装点 东西 鼓起来 价格 鼠标 售票 运行 速度 有点 免费 杀毒软件 只能 D盘 鸡肋 没有 光驱
",1,"1
","1
","1
","1
"
" 如用 得用 外置 光驱 合成 驱动 麻烦 硬盘分区 不合理 这么 买回来 从新 分区 细节 失望 外壳 有点 塑料 影响 美观 机身 重量 稍微 不过 一般 电脑 重量 出现 蓝屏 网上 修改 干脆 闲装 开始 蓝牙 驱动 不了 可以 裸机 应该 直接 没有 驱动 开机 光驱 声音 京东 解决 自己 直接 联系 方便 解决 散热 设计 左侧 败笔 全速 运算 时候 热量 惊人 音效 哈曼 卡顿 奥特 星等 上品 甩出 街区 显卡 若为 屏幕 改成 大大 提升 整体 效果 钢琴 面板 指纹 搜集 忌讳 有点 厚重 不过 这个 价格 算是 这样 接口 只有 而且 位置 不当 出风口 位置 不过 早就
",1,"1
","1
","1
","1
"
" 知道 妨碍 使用 系统 最好 事先 准备 相关驱动 外形尺寸 有点像 本子 模具 钢琴漆 外壳 容易 划伤 而且 系统 菜鸟 来讲 折磨 驱动 网上 声卡 驱动 找到 钢琴漆 容易 刮伤 伤痕 明显 分区 的确 开关机 光驱 发出 摩擦 响声 这个 就用 时间 按键 没有 屏幕 分辨率 驱动 希望 华硕 能出 驱动 显卡 优势 明显 没有 想象 强劲 屏幕 发白 电池 情况 电源 指示灯 一直 闪烁 电源适配器 正版 光盘 没法 启动 别谈 安装 实在 明白 已经 要求 修改 本子 没法用 要求 退货 喇叭 低音 刺耳 电源线 变压器 部分 只能 插进 不知 其他人 不会 影响 使用 驱动 不是 应该 改进 虽然 退出
",1,"1
","1
","1
","1
"
" 历史舞台 可是 还是 主流 系统 应该 跟进 操作系统 不如 直接 裸机 分成 最后 还是 重装 光盘 重装 专用 软件 网站 找到 美中不足 客服 提供 驱动 下载 地址 下载安装 最后 还有 未知 设备 搞不定 最后 只能 朋友 帮忙 电影 有时 黑屏 鼠标 没事 知道 进行 节能 设置 系统 预装 起来 不爽 另外 要是 内存条 更好 呵呵 风扇 确实 够响 尤其 周围 安静下来 风扇 频频 开启 发热量 有些 惊人 屏幕 瑕疵 可以 忽略 杀毒软件 没有 也许 特价 缘故 原配 驱动 不错 只是 安装 无线 网卡 遇到 麻烦 自带 光盘 没有 上网 查找 知道 机器 无线 网卡 网上 搜索 驱动 下载 测试
",1,"1
","1
","1
","1
"
" 商品 没看 京东 系统 还是 不够 完善 提点付 居然 还是 订单 删除 钢琴 容易 指纹 摄像头 图像 效果 电池 锁止 开关 不能 自动 锁止 手动 才能 锁住 还有 就是 没有 驱动 光盘 还要 自己 管网 下载 麻烦 京东 发货 速度 没话说 圆通 真的 很慢 建议 以后 不要 圆通 键盘 键盘 容易 呵呵 发热量 厉害 其他 尝试 摄像头 应该 像素 这个 成本 不高 屏有 亮点 而且 屏幕 中间 右下方 开机 看到 舒服 因为 价格 限制 整体 机器 还是 不是 方便 携带 还是 需要 否则 声卡 驱动 问题 已经 刷回 分区 方便 自带 功能 搞定 预装 速度 不爽 而且 键盘 感觉
",1,"1
","1
","1
","1
"
" 有点 外壳 感觉 不是 那么 结实 好像 一样 提时 电池 插口 塑料 金属片 变形 完好 估计 出厂 就是 这样 工作人员 客服 自己 调整 就用 触摸板 小黑点 光盘 高速 读取 有些 微微 发抖 声音 添加 内存 方便 卸下 整个 后盖 螺丝钉 电池容量 还是 太小 毕竟 内存 还好 手头 机器 原来 比较 还是 不少 价钱 价格 不少 预装 系统 资源 为此 不过 散热 有些 可能 通病 下面 有时 太过分 价格 速度 电子产品 德行 开始 看出 不足 有些 算是 大概 需要 自己 内存 解决 希望 这个 可以 内存条 屏幕 分辨率 导致 网页 字体 显得 很小 眼睛 确实 有点 没有 附赠 鼠标 有点
",1,"1
","1
","1
","1
"
" 方便 没有 附赠 屏保 键盘 声音 音质 一般 散热 不是 可以 接受 准备 散热器 呵呵 散热 不是 可以 接受 准备 散热器 呵呵 散热 不是 可以 接受 准备 散热器 呵呵 发热 一般 托盘 发热 比较 屏幕 一般 可视 角度 不是 亮丽 自带 软件 不够 机器 比较 厚重 适合 女孩子 介绍 图片 以为 指纹 拿到 知道 有点 感觉 还有 就是 预装 真不 舒服 没有 系统 安装 麻烦 想装 朋友 参考 风扇 声音 简直 鸡肋 原本 想买 只有 内存 返现 后悔 朋友 时间 散热 不好 温度 下过 玩游戏 比较 吓人 触摸板 关不掉 打字 经常 碰到 发热量 好像 普遍现象 也许 天气 原因 屏幕
",1,"1
","1
","1
","1
"
" 有些 时间 疲劳 相比 购买 来讲 做工 存在 明显 下降 而且 系统 麻烦 全部 装完 之后 还是 无法 解决 开机 音乐 问题 不过 完全 惠普公司 问题 要不是 同学 坚持 不会 推荐 惠普 屏幕 边框 有点 夸张 顶部 两侧 风扇 还是 有点 知道 什么 原因 反正 使用 风扇 一直 不是 很大 不小 机身 还有 优化 空间 镜面 漆沾 指纹 厉害 部分 组件 用料 低廉 显得 不够 细致 价钱 移动 价钱 不好 散热 有点 问题 不能 运行 很大 软件 移动 资费 难道 可以 安装 驱动 繁琐 虽然 网站 下载 但是 具体 驱动 安装 顺序 还有 哪些 必须 哪些 选装 提示 比起
",1,"1
","1
","1
","1
"
" 摄像头 钢琴漆 键盘 硬盘 价格 仅仅 颜色 没有 选择 理由 就是 装机 先进 设置 硬盘 传输方式 知道 系统 时间 没有 还有 就是 下乡 补贴 产品 怎么 没有 那个 补贴 结果 找到 奇怪 键盘 手感 一般 其实 机器 挺厚 分量 不是 机器 自带 驱动 里面 无线网 驱动 竟然 型号 上网 随机 软件 马虎 机器 最弱 就是 广大 网友 反应 安装 系统 非常 困难 系统盘 但是 失败 告终 郁闷 机器 样子 看样子 只能 装个 毕竟 趋势 打开 包装 发现 电池 已经 机器 而且 没有 如何 安装 光盘 请问 是否 这样 笔记本 电池 机器 操作系统 华硕 最好 换成 红旗 大家 比较 操作系统
",1,"1
","1
","1
","1
"
" 边框 有点 价格 还有 下降 余地 改装 需要 先装 驱动 这个 笔记本 通病 开始 不了 系统 估计 因为 这个 驱动 网上 预装 分区 不合理 京东 发货 环节 存在 瑕疵 发成 邮宝 没有 事先 沟通 客服 回复 较慢 运费 期间 给我发 邮宝 收费 显失 公平 沟通 自行决定 不是 做生意 而是 做官 边框 体积 普通 上网 接受 范围 之内 非专业 人员 有点 麻烦 发热 有点 特别 玩游戏 时候 显卡 知道 正常 正常 玩游戏 时候 可以 需要 适应 分区 奇怪 客服 系统 崩溃 可以 导出 数据 上下 视角 太小 视角 好好 自带 扬声器 声音 音质 风扇 声音 自带 系统 垃圾 没有 意义
",1,"1
","1
","1
","1
"
" 塑料 感太强 感觉 比较 低端 摄像头 找到 但是 没法用 蓝牙 无线 使用 同一个 按钮 控制 蓝牙 切换 过程 无线 网卡 影响 硬盘 好像 吱吱声 键盘 不灵 重要 声卡 驱动 之后 电脑 还是 不到 声卡 屏幕 发白 键盘 钢琴漆 习惯 手感 一般般 华硕 自带 软件 冲突 功能键 手感 不好 机器 较沉 起来 习惯 系统 音频 插口 前侧 鼠标 感觉 就是 这次 送货员 态度 有点 不好 可能 是因为 希望 以后 不管怎么 好好 说话 高性价比 同时 外观 做工 包装 上面 偷工减料 感觉 塑料 比较 模具 做工 比较 粗糙 开始 安装 系统 时候 蓝屏 以为 硬盘 问题 上网 所有 华硕 这个 问题 修改
",1,"1
","1
","1
","1
"
" 解决问题 内存 有点 不过 内存 白菜价 可以 随便 另外 电池 稍稍 失望 只能 支持 小时 显得 有点 不够 主板 有待 验证 希望 不要 传说 那么 操作系统 安装 弱智 居然 个区 华硕 工具区 剩下 容量 分成 大区 电脑 哪个 不是 单独 数据 何况 系统 只要 重新 分区 安装 系统 因为 电池 原因 笔记本 还是 比较 电源 虽然 小巧 但是 发热量 很大 烫手 外壳 容易 手印 最好 发货 显示器 边缘 瑕疵 其他 买家 注意 送货 居然 还是 电话 催促 送货 有点 不能 理解 还有 系统 比较 垃圾 买家 一样 遇到 表面 金属 标牌 划痕 问题 知道 没法 退货 商场 样机 基本
",1,"1
","1
","1
","1
"
" 划痕 所以 知道 问题 还是 普遍现象 使用 散热 问题 基本 接受 虽然 蓝牙 图标 其实 没有 硬件 支持 感觉 屏幕 侧边 有点 缝隙 系统 分区 不合理 怎么 备份 关盘 没有 只有 安装 系统 随机 系统 安装盘 显卡 驱动 没有 售后服务 比较 麻烦 散热 不好 机器 运行 左侧 起热 手摸 感觉 有点 烫手 需要 再购 散热器 帮助 散热 一直 这里 可以 发出 没有 评价 时间 可以 本人 由于 个人 原因 需要 转让 台机 京东 仓单 发票 价格 转让 购买 发现 屏幕 右下方 黑色 塑料 外壳 屏幕 连接点 出现 非常 严重 脱胶 现象 售后 理论 他们 责任 推给 厂商 实在 负责
",1,"1
","1
","1
","1
"
" 机器 音箱 开机 确实 响声 联想 礼包 没有 价格 有些 官网 报价 没差 机器 外观 附属物 花里胡哨 建议 粘贴 拿掉 系统 根本 适合 使用 触屏 上面 突起 硬盘分区 简直 搞笑 白色 比较 容易 手上 看来 以后 清洁 面板 蓝牙 按钮 实际上 没有 配置 随机 没有 附带 系统 光盘 重装 麻烦 显卡 性能 较大 单机游戏 出现 跳帧 现象 发热量 控制 稍差 安装 系统 硬盘 上网 茄子 马上 呵呵 系统 搞定 呵呵 安装 操作系统 有些 驱动 找到 不知 是不是 驱动 原因 声音 较差 最好 安装 系统 各种 驱动 屏幕 舒服 有点 麻烦 机器 有点 偶尔 容易 死机 散热 一般 显卡 不是
",1,"1
","1
","1
","1
"
" 突出 键盘 不是 很好 因为 别的 键盘 键盘 左边 真的 音箱 因为 键盘 下边 声音 很小 屏幕 好像 现象 不过 静态 图片 清晰 一直 找到 哪个 软件 里面 设置 指纹 屏幕 清晰度 为什么 清楚 显卡 驱动 问题 还是 机子 本身 问题 个别 按键 加工 有些 粗糙 表面 不够 光滑 软件 画图 出现 蓝屏 重启 没有 出现 问题 可能 误操作 屏幕 看起来 手里 有点 送货员 要求 付款 验货 有些 不爽 屏幕 设计 有点 留边 有点 浪费 机子 出现 蓝屏 请问 怎么回事 优惠 以后 京东 小心 提醒 京东 华硕 笔记本 发现 严重 问题 无法 使用 华硕 维修站 检测 发现 主板 由于
",1,"1
","1
","1
","1
"
" 检测 过程 中拖 时间 长时间 以至于 超过 包换 要求 新机 或者 退货 螺丝 现场 内存 那个 工作人员 说装 内存 条形码 螺丝 条形码 下面 所以 回来 自己 说明书 条形码 根本 没有 螺丝 忽悠 有点 不爽 网上 提供 驱动 根本 装不上 文件 安装 还是 切换 不到 模式 刷新 设置 鼠标 极难 操作 屏幕 三星 虽然 不是 雪花 不过 效果 确实 非常 一般 效果 没法 好像 不是 镁铝合金 指纹识别 取消 以前 型号 芯片组 一样 系统 不好 可以 深度 版本 我用 版本 里面 无法 关闭 设备 所以 时候 集成 驱动 最恨 宽带 连接 不上 里面 还要 激活 激活 只能 激活 这么 小气 色彩
",1,"1
","1
","1
","1
"
" 偏淡 原以为 正版 系统 不错 可惜 只有 分区 非常 方便 人性化 打电话 宏基 售后 能否 帮忙 分区 回说 重装系统 诚心 顾客 掏钱 网上 光驱 搞掂 毛子 傻不拉几 不住 还有 就是 必须 先装 显卡 驱动 先装 其他 驱动 显卡 驱动 不了 知道 想不 明白 为什么 显卡 显存 还有 屏幕 有点 再有 就是 太重 要是 流苏 相同 配置 还是 建议 考虑一下 流苏 应该 这款 不少 电池 不是 起来 半小时 是不是 怎么 不过 上网 小游戏 绝对 问题 系统 超级 麻烦 要是 没有 系统 容易 系统 半死 电池 背后 部分 做工 不是 特别 略显 点点 缝隙 仔细 看看 另外 白色 皮质 内胆 觉得
",1,"1
","1
","1
","1
"
" 显大 表面 皮质 不错 当中 纯粹 薄薄的 海绵 里面 看起来 山寨 电池 有点 突出 当然 底部 内存 只有 自己 装上 主板 芯片组 附送 价格 不具 优势 如果 不算 新出 上网 更具 性价比 新机 貌似 支持 启动 只能 光驱 安装 系统 容易 指纹 心疼 电源适配器 容易 鼠标垫 系统 麻烦 装成 版本 成功 最后 还是 换成 据说 要要 还是 算了 本本 速度 一般 特别 硬盘 键盘 比较 触摸屏 灵敏 触摸屏 按键 发热量 奇怪 这款 奇怪 装箱 清单 鼠标 抹镜布 打开 箱子 没有 奇怪 应该 不会 出现 问题 内存 频率 还是 屏幕 看着 舒服 不爽 没有 驱动 上官 下载 时间 天气 回来
",1,"1
","1
","1
","1
"
" 机子 体温 无语 自我安慰 天气 缘故 京东 包装 皮实 送过来 时候 外面 包装盒 看着 心疼 喜欢 芯片 性价比 不错 散热 不错 喜欢 芯片 性价比 不错 光驱 内存 太小 真烂 开机 老公 这个 慢性子 受不了 电池 顶用 快递 北京 小时 送货 实际 温度 接受 范围 适配器 充电 时会 高热 说明书 提醒 字母 大写 开关 没有 指示 输入 密码 注意 有点 驱动 下载 麻烦 全部 安装 硬件 问号 没有 知道 是不是 最新 匹配 请教 这个 怎么 确认 内存 标配 不用 自己 升级 据说 芯片组 不怎么样 电源适配器 时间 容易 反映 速度 较慢 电池 充满 不是 介绍 小时 而是 小时 系统 驱动 确实
",1,"1
","1
","1
","1
"
" 很烦 网站 好像 不是 这个 影响 心情 散热 没有 想象 系统 没有 安装 图形界面 只有 字符 一般 只能 系统 而且 系统 方便 需要 修改 改为 模式 而且 办法 激活 麻烦 解决办法 预装 要是 完美 屏幕 感觉 不算 完美 就是 感觉 有点 泛白 比如说 打字 黑色 但是 那个 电脑 感觉 不是 那么 色彩 不是 那么 但是 要是 躺下来 电脑 保持 状态 发现 效果 不错 续航 时间 略显 不足 可以 接受 显示 效果 适合 文字处理 上网 图像处理 严重不足 键盘 容易 灰色 可是 想想 显卡 还是 白色 刚刚 京东 键盘 不过 上海 本地 没货 调货 不知 什么 时候 才能 收到 不过 话说回来
",1,"1
","1
","1
","1
"
" 确实 白色 漂亮 有点 遗憾 这么 笔记本 就是 希望 可以 方便 携带 尺寸 要是 轻薄 完美 没有 光驱 所以 华硕 有待 改善 然后 就是 外壳 虽然 烤漆 很漂亮 请勿 触摸 因为 触摸 留下 指纹 最大 不足 就是 C盘 空间 系统 自带 工具 分出 空间 结果 进不去 系统 只能 恢复 恢复 出厂 设置 还有 就是 没有 附赠 系统 安装盘 没有 摄像头 系统 就是 修改 系统 界面 单一 没有 准备 卸载 屏幕 有点 开始 舒服 键盘 间距 预装 系统 不会 改装 摄像头 摄取 范围 头像 华硕 客服 咨询 结果 摄像头 驱动 问题 烦请 哪位 前辈 驱动 不吝 分享 下载 链接 容易
",1,"1
","1
","1
","1
"
" 粘灰 系统 非常 不好 流行 备份 系统盘 无法 直接 进入 引导 安装 毕竟 不是 所有人 这种 情况 轻车熟路 系统 不好 买回来 帮忙 还是 没有 效果 有点 久久 不能 释怀 确保 没有 问题 还是 自提 拿到 验货 键盘 只能 返修 没有 比较 笨重 移动 性能 电池 加上 包和 外包装 提货 时候 不是 一般 接口 位置 不怎么 后面 左边 一般 鼠标 右边 只有 后面 那个 接口 设计 有点 问题 发热 惊人 尤其 犹如 火板 可以 省去 暖手 黑色 就是 指纹 收集器 分区 不合理 惠普 品牌机 通病 发热量 确实 很大 散热器 如果 选择 订货 只能 否则 超过 要求 用户 取消 订单 重新
",1,"1
","1
","1
","1
"
" 认为 人性化 应当 内在 用户 要求 可以 出风口 不能 原版 只能 集成 驱动 感觉 稳定 用到 时候 出现 蓝屏 开机 十小时 以后 光驱 不太好 刚塞 其他 明显 要换 比较 麻烦 凑合着 问题 发狂 认为 前要 硬盘 模式 这样 不会 出现 黑屏 问题 模式 装上 但是 驱动 时候 一直 黑屏 系统 失败 分区 折腾 外观 大失所忘 前面 那些 鼓吹 外观 漂亮 满意 绝对 忽悠 塑料 感强 打开 包装 味道 扑面而来 没有 镀金 显示屏 太矮 看不惯 烤漆 面易脏 电池 差不多 色点 不是 明显 还有 键盘 右边 设计 不好 回车键 位置 经常 容易 当成 回车键 没有 有点 发热 声音 有点 再轻 配件
",1,"1
","1
","1
","1
"
" 笔记本 配件 东西 麻烦 电源 以后 电源适配器 声音 不是 特大 其他 缺点 需要 多用 日子 知道 没有 缺点 优点 吼吼 或许 硬盘 有点 不够 但是 这么 本本 要求 不用 那么 方便 鼠标 不好 而且 金属 材质 视频 电脑 喇叭 音量 变小 听不清 对方 说话 没有 蓝牙 功能 没有 摄像头 没有 指纹识别 没有 预留 模块 升级 内存 太小 原来 期望 很高 集成显卡 性能 令人 失望 评分 系统 瓶颈 散热 不好 电源 散热 不好 另外 就是 外观 太丑 作为 生日礼物 有点 散热 一般 开始 以为 安装 系统 时候 温度 发现 实际 使用 起来 底部 很热 最好 搭配 散热装置 做工 比较 细致
",1,"1
","1
","1
","1
"
" 细致 不够 完美 盖子 倾斜 比新 比较 信任 京东 而且 天津 还有 还是 不爽 要是 驱动 驱动 足足 小时 不过 已经 全部 安装 屏幕 边框 指纹 收集器 屏幕 亮度 每次 调低 重启 变成 最高 另外 要说 这个 本子 散热 设计 实在 厉害 北桥芯片 就是 铝片 覆盖 铝片 很薄 很轻 风扇 只是 起到 抽风 气流 流动 效果 这种 散热 担心 知道 其他 上网 是不是 这么 设计 系统 麻烦 至少 告知 具体方法 比如 硬盘 选项 非专业 想不到 另外 刻录机 读盘 时候 震动 非常 认为 硬盘 肯定 损伤 发热量 尤其 系统升级 时候 底部 有点 宽频 一般 寸本大 感觉 像是 华硕 做工 有待
",1,"1
","1
","1
","1
"
" 提高 键盘 中部 略微 凸出 影响 使用 其他 暂时 发现 什么 如果 散热 一样 增加 价格 可以 接收 安装 麻烦 发现 关机 蓝屏 情况 使用 正常 有待 观察 麻烦 网上 贴子 最后 文件 自己 U盘 启动盘 驱动 装装 麻烦 特别 声卡 驱动 超级 麻烦 显卡 没有 性能 玩游戏 勉强 凑合着 重量 控制 上海 之后 下单 送到 有点 感觉 重量 超过 不能 做出 镜像 光盘 不过 可以 申请 箱子 标签 割掉 本本 底部 标签 揭掉 没给 说明 屏幕 坏点 不过 影响 电池 的确 不禁 就是 小时 散热 可以 键盘 右下侧 有点 联想 牌子 质量 拿到 发现 液晶显示 下面 整体 泛黄
",1,"1
","1
","1
","1
"
" 没有 附赠 背包 而且 接口 共用 口室 不能 设备 有点 方便 系统 从来 没玩过 做工 欠缺 塑料 感强 不过 对得起 价格 摄像头 非常 清楚 块钱 摄像头 内存 容易 较点 电池 不够 驱动 比较 麻烦 还有 未知 设备 识别 不了 知道 怎么回事 影响 使用 郁闷 之前 需要 快速 格盘 然后 观点 可以 如何 指纹 人才 告诉 软件 打开 好像 软件 打不开 来电 反应 散热量 太热 还算 时候 有点 麻烦 硬盘 改成 模式 一般 盘子 报错 有点 热量 为什么 商品 描述 双核 拿到 发现 迅驰 打电话 客服 接电话 装傻 非常 恼火 处理 投诉 键盘 有点 习惯 尤其 光标键 太小 散热 部分
",1,"1
","1
","1
","1
"
" 没有 不过 说得过去 屏幕 自己 系统 不会 菜鸟 比较 麻烦 电脑公司 重新安装 无线 上网 掉线 知道 什么 原因 没有 分区 重装 麻烦 驱动 没有 驱动 安装 之后 自己 上网 安装 安装 之后 效果 可以 性能 评分 得到 最低 分是 桌面 特效 得分 可以 蓝牙 就是 启动 不了 知道 怎么 下面 控制板 不是 很好 屏幕 适应 钢琴 烤漆 容易 指纹 并且 进入 不了 系统 开机 声音 很大 已经 发回去 回来 希望 京东 快点 回来 虽然 京东 东西 碰到 这么 倒霉 还是 相信 京东 并且 希望 你们 更好 底部 发热 比较 厉害 系统 网卡 驱动 网线 驱动 丢失 需要 重新安装 不知
",1,"1
","1
","1
","1
"
" 是不是 软件 问题 收到 发票 号码 金额 属于 订单号 但是 财务 拿到 税务局 没法 认证 密码 清楚 真不知道 你们 公司 开票 作为 便携 屏幕 确实 太小 上网 还是 应该 电池 无线 网卡 问题 电池 问题 充放电 无线 网卡 可疑 电池 供电 运行 信号 变差 信号 变成 信号 同时 运行 信号 直接 运行 无线连接 始终 发热量 有点 机子 出来 盖面 轻微 划痕 封装 应该 表面 保护膜 能放 高清 而且 不卡 试过 会卡 考虑 内存 做工 一般 预期 一定 差距 有点 键盘 比较 屏用 有点 习惯 重装系统 比较 不过 还好 系统 软件 全部 搞定 有点 键盘 比较 手感 屏幕 下方 亮点
",1,"1
","1
","1
","1
"
" 实在 遗憾 电池 有点 突出 预装 诺顿 试用版 赠送 内胆 看起来 有些 粗糙 提货 总部 提点 服务 不是 可能 人员 问题 回复 不是 满意 正版 系统 所以 改装 售后 帮忙 重装 体统 块钱 电脑城 商家 而且 商家 特工 那个 商家 技术部 小时 装上 所有 驱动 电量 大概 小时 可惜 不是 高分 做工 还是 粗糙 无线 网卡 好像 驱动 自己 商品 没收 价格 已经 似乎 打开 媒体播放器 时间 有点 散热 按键 较好 解决 电源线 带大 不能 学下 三星 没有 考虑 电源线 完全 可以 换成 没加 内存 比较慢 恢复 比较 下载 送货 挺慢 发热 比较 可能 系统 安装 温度 一直 以上
",1,"1
","1
","1
","1
"
" 电压 有时 变为 不知 为什么 内存 实在 浪费 升级 内存 很贵 驱动 光盘 就是 自己 对应 找错 容易 蓝屏 系统 麻烦 主要 但是 键盘 打字 容易 串行 这个 接触 不好 拿到 折腾 搞定 上网 查才 发现 此款 驱动 比较 建议 此款 买好 盘先 以前 笔记本 非常 外观 改动 性能 方面 觉得 非常 不能 接受 变成 钢琴 烤漆 一不小心 划一 一摸 就是 印子 镜面 容易 上盖 留下 指纹 划痕 瑞星杀毒软件 密码 知道 咋搞 处理器 配置 高点 完美 硬盘分区 不合理 居然 自己 软件 分区 麻烦 屏幕 有点 电脑 有点 女生 携带 吃力 开机 配置 时间 屏幕 京东 如果 更好 不是 高分
",1,"1
","1
","1
","1
"
" 不过 不能 要求 价格 那里 感觉 好好 端口 比较 塑料 比较 粗糙 有点 速度 明显 笔记本 打开 网页 时候 有点 就是 驱动 无法 安装 提示 无法 安装 安装 之后 显卡 网卡 驱动 不好 检测 内存 频率 发现 内存 所说 符合 屏幕 还是 习惯 打游戏 不行 系统 简直 恶心 开机 显示 未知 系统 估计 清理 干净 因为 急用 朋友 所以 放弃 赠品 杀毒软件 不然 提不到 听说 赠品 缺货 按键 不是 舒服 感觉 可能 因为 缘故 触摸屏 不是 很好 不过 鼠标 暂时 发现 缺点 安装 系统 不是 方便 最好 方式 驱动 可以 复制到 本地 电脑 安装 否则 光驱 不好 总是 出错
",1,"1
","1
","1
","1
"
" 惠普 节约 成本 代价 就是 预装 小红帽 改装 比较 麻烦 没有 硬盘 指示灯 没有 电源 指示灯 风扇 定时 循环 运转 散热 没有 想象 那么 夸张 可以 忍受 没有 预装 系统 实在 有点 麻烦 散热 问题 时间 用长 键盘 半边 比较 运行 稳定 有些 厚重 随机 驱动 缺少 相应 无线 网卡 驱动 网上 驱动 整体 提供 很乱 系统 麻烦 女孩子 系统 麻烦 驱动 下载 有点 敲击 键盘 机子 反应 有人 键盘 不好 不灵敏 慢点 这个 问题 还有 操作系统 比较 麻烦 再就是 京东 价格 变动 键盘 面板 钢琴 烤漆 亮晶晶 很漂亮 容易 指纹 不过 女孩子 一般 干净 洗手 擦拭 无所谓 可以
",1,"1
","1
","1
","1
"
" 养成 勤洗手 习惯 重量 屏幕 不是 镜面 屏幕 变宽 有点 模具 上个 屏幕 应该 问题 不大 模具 精细 硬盘 位置 塑料盖 一直 刚好 那里 垫脚 非常 不爽 自己 往里面 纸片 搞定 比较 比较 但愿 精致 制防 滚架 手感 牢靠 这些 问题 使得 机器 同配 相比 竞争力 有限 不装 就算 驱动 还是 专用 难道 玩儿 预装 比较 麻烦 需要 重新 分区 分区 不合理 系统 恢复 分区 默认 C盘 分区 没有 恢复 光盘 重新 分区 一键 还原 不可 光驱 总弹 换成 磨沙 表面 更好 不是 质量 问题 上网 共同 特点 就是 字体 屏幕 小看 时间 特别 眼睛 用来 音乐 片子 发邮件
",1,"1
","1
","1
","1
"
" 东西 个人 账务 管理 可以 不能 用来 办公 太伤 眼睛 系统 开机 没有 进去 知道 什么 原因 貌似 引导 问题 正好 系统 时候 哥们 这款 竟然 进不去 系统 希望 厂商 出厂 测试 注意 不过 没关系 直接 格盘 反正 不到 触控 面板 地方 左边 向上 翘起 键盘 不平 中间 内存 没买 系统 真的 不好 没有 系统盘 钢琴漆 另类 但是 不抗 手印 容易 划痕 决定 刚用 发现 什么 问题 刚用 发现 什么 问题 钢琴漆 太亮 手印 系统 不好 太慢 原用 考不 内存 只能 改装 系统 时间 还好 搞定 所有 硬件 功能键 正常 使用 不足 系统 集成显卡 独立 显卡 不能 转换 只能
",1,"1
","1
","1
","1
"
" 里面 设定 重新 开机 转换 硬盘 机体 之间 接合 紧密 就是 靠近 光驱 缝隙 感觉 应该 不是故意 出来 散热 知道 防尘 有否 影响 是不是 模具 问题 各位 机器 这个 问题 还是 这个 机器 个别 问题 谢谢 无线 好像 稳定 知道 其他人 有没有 这种 情况 要是 系统盘 没有 非常 遗憾 所以 系统盘 一共 郁闷 电池电量 只有 小时 不到 有点 可惜 非常 有点 痛苦 不够 艳丽 对比度 不足 触控板 不好 容易 误操作 不如 普通 触控板 容易 指纹 底部 容易 拆卸 更换 内存 小心 塑料 感太强 华硕 联想 惠普 档次 自己 还是 考虑 之类 京东 发货 实在 太慢 打包 发货 终于 订单
",1,"1
","1
","1
","1
"
" 圆通 京东 给我发 中通 天才 到货 另外 京东 客服 不怎么样 咨询 信息 小时 回复 最烦 就是 显卡 驱动 不好 网上 最后 终于 搞定 使用 电源适配器 时候 发热量 惊人 有点 担心 烧坏 触摸板 灵敏 触摸板 按键 确实 有点 塑料 外壳 不是 结实 玩具 没有 华硕 大本 装配 工艺 比较 系统 打开 启动 却是 裸机 官方 维修 售后服务 重新安装 系统 恨死 京东 已经 投诉 期待 处理结果 驱动 不好 快递 公司 超烂 到手 降价 客服 货物 出仓 不能 保价 货到付款 拿到 货时 可以 申请 保价 不合理 支持 所有 地方 货到付款 吃亏 回来 开机 感觉 好像 没有 系统 但是 进不去 总之 还是 不会
",1,"1
","1
","1
","1
"
" 操作 需要 急救 钢琴 烤漆 面盖 容易 指纹 显示屏 下面 连接 塑料 据说 容易 松动 如此 配置 价格 颜色 不怎么 好看 并且 机器 没有 华硕 标志 屏幕 分辨率 貌似 不是 而是 摄像头 好像 没有 有点像 国产机 为什么 商务 笔记本 没有 摄像头 如果 网上 会议 之类 摄像头 知道 研发 人员 怎么 考虑 电池 只能 小时 有点 呵呵 不知 是不是 系统 缘故 开机 关机 超级 超级 连接 电视 接线 本本 没有 接口 不知 为什么 发货 圆通 快递 结果 中通 快递 发来 本本 北京 郑州 路上 送到 心急如焚 收到 本本 还是 兴奋 电池 没说的 那么 一直 电池 小时 开始 小时 效果 没有
",1,"1
","1
","1
","1
"
" 想象 那么 理想 自带 系统 比较慢 而且 就分 C盘 回复 出厂 设置 C盘 调整 其余 不到 这个 系统 没用 习惯 建议 厂家 直接 用户 知道 为什么 笔记本 只要 不是 预装 系统 机子 系统 驱动 困难 升级 知名 地方 下载 驱动 惠普 网站 驱动 下载 形同虚设 真是 搞不懂 这么 公司 产品 这么 复杂 屏幕 点点 瑕疵 散热 稍微 有些 欠缺 接口 只有 没有 上面 标注 京东 京东 整体 服务 一般 企业 订单 发票 失望 负责制 没有 客服 毫无意义 不要 认为 客户 没事找事 你们 问题 回答 国企 一样 散热 一般 待机 一般 不足 小时 开机 运行 速度 可以 时候 发现 笔记本
",1,"1
","1
","1
","1
"
" 隆起 估计 没盖 螺丝钉 拧上 退换货 太太 麻烦 时间 成问题 自己 螺丝刀 自己 机子 修好 笔记本 这些 装备 电脑包 屏幕 着实 不少 功夫 冰封王座 蓝屏 还是 散热 不行 经典 游戏 还是 问题 电池 没有 待机时间 那么 屏幕 中间 明显 亮点 右下方 亮点 听说 亮点 无条件 包换 申请 换货 等待 处理结果 进展 随时 更新 机器 有点 漏电 摸上去 酥麻 时间 没有 鼠标 还好 蓝牙 键盘 鼠标 凑合着 安静 时可闻 硬盘 寻道 运行 时间 稍微 有点 散热 无法 安装 任何 系统 只能 纯美 按步就班 环环 安装 方可 完成 就是 电池 时间 有点 显示 小时 以内 基本 电源 突然 断电 个包 自己
",1,"1
","1
","1
","1
"
" 呵呵 电池 待机时间 只有 小时 系统 太烂 重装 需要 相关 装机 软件 网站 上面 不太好 网上 说明 安装 不是 小时 下单 降价 东西 这个 接受 不了 包包 申请 价格 保护 难以 接受 驱动 驱动 没有 声卡 驱动 补丁包 费事 自带 难过 花天 时间 慢慢 不过 本本 通病 巨大 指纹 联想 视频 软件 挺烂 那个 噪音 吓死人 声音 没了 勉强 接受 风扇 声音 比较 散热 有待 改进 另外 就是 做工 有待 改进 可能 国内 生产商 技术 直接 联系 显卡 低级 其它 配置 相符 另外 就是 运行 预装 真的 价钱 一分货 小黑 配置 运行 光驱 读盘 声音 超响 还好 影响 使用
",1,"1
","1
","1
","1
"
" 系统 遇到 问题 装不上 改成 还是 林木 风盘 然后 里面 完成 不知 大家 还有 没有 办法 屏幕 灰点 换货 京东 说不 可以 屏幕 键盘 比托 驱动 安装 有点 麻烦 刻录 必要 虽然 刻录 普及 但是 笔记本 刻碟 还是 比较 鸡肋 不如 兑成 优惠 设备 散热 处理 不太好 天气 开机 一段时间 最好 借助 散热 底座 工作 宏基 散热 还是 问题 风扇 转速 设定 温度 只有 机子 风扇 不停 而且 噪音 较大 上面 朋友 感觉 一样 无线 信号 不太好 网卡 右下角 方向键 感觉 似乎 有些 脆弱 风扇 光驱 声音 较大 没有 麦克风 总体 有点 感觉 这个 可以 接受 电源插头 不紧 容易
",1,"1
","1
","1
","1
"
" 脱落 鼠标 不灵敏 松动 散热 不好 系统 有时 运行 特慢 运行 如果 要求 不是 什么 问题 表面 容易 刮花 留意 刮痕 真的 指纹 收集器 不光 还有 就是 电源 电池 如果 拿掉 充电 知道 这样 电池 伤害 严重 华硕 真该 开关 控制 电池 模式 还是 直流 模式 镜面 屏幕 不错 但是 边框 镜面 容易 屏幕 边框 扣下来 笔记本 相应 位置 发生 摩擦 安逸 如果 活动 一直 结束 感觉 有种 欺骗 感觉 如果 活动 一直 结束 感觉 有种 欺骗 感觉 如果 活动 一直 结束 感觉 有种 欺骗 感觉 屏幕 有个 色点 可能 人品 上方 边框 哪里 影响 使用 系统 麻烦 电脑
",1,"1
","1
","1
","1
"
" 费力 建议 格式化 系统 不然 有个 出来 进不去 喜欢 外壳 容易 留下 手印 另外 开机 小红 亮点 关机 看不出来 知道 不能 不能 装锁 光驱 读盘 能力 不算 圆通 快递 离谱 到货 通知 直接 公司 保安 见到 纸箱包装 拆开 建议 京东 圆通 电话费 容易 指印 触摸板 周围 发热 内存条 显卡 京东 标的 不符 无线 功能 每次 开机 需要 组合键 重新 打开 才能 自己 系统 比较 麻烦 需要 解决 各种 软件 冲突 上网 设置 问题 电池 延保卡 注册 需要 填写 个人信息 估计 太亮 原因 眼睛 担心 雪花 暗点 眼睛 舒服 机箱 比较 机箱 标明 出厂 电源线 方面 甚至 包装 有点 怀疑
",1,"1
","1
","1
","1
"
" 返修 电池 使用 过程 只能 显示 百分比 不能 显示 剩余时间 买来 恢复 不能 分区 启动 正常 还好 搞定 用户 应该 提供 指导性 文件 鼠标 屏幕 尺寸 原本 可以 液晶 尺寸 小于 上盖 尺寸 自带 软件 有个 禁止 运行 亮度 调节 关闭 无线网 功能 失效 希望 这个 能够 兄弟 提醒 外观 钢琴 烤漆 耐脏 性能 没什么 特别 感受 送礼 键盘 保护膜 之类 屏幕 右上方 亮点 内存 大些 应该 安装 驱动 出现 蓝屏 现象 安全 模式 安装 正常 需要 重装系统 没有 配备 鼠标 内存 要是 单条 以后 升级 容易 不过 暂时 够用 没有 升级 计划 安装 系统 比较 麻烦 因为 关系
",1,"1
","1
","1
","1
"
" 麻烦 网上 纯净 安装版 整合 驱动 不能 侧面 散热 地方 确实 有点 尤其 比较 程序 时候 电源适配器 不是 网上 很热 其实 有点 知道 为何 音箱 产生 回响 稍微 靠近 回响 产生 刺耳 不过 问题 体积 较大 虽然 最早 上网 品牌 质感 惠普 品牌 还有 差距 鼠标 按键 快捷键 很硬 难用 基本 可以 放弃 触摸屏 电池 突出 影响 美观 重量 一般 上网 触摸板 反应 不灵敏 适应 没有 配件 鼠标 包包 价格 操作系统 的确 比较 问题 重装 虽然 没有 什么 问题 但是 比较 浪费时间 散热 问题 这么 手提 最差 手腕 部位 吓人 键盘 的确 有点 问题 必须 准确 键位 否则 反应
",1,"1
","1
","1
","1
"
" 键盘 改天 屏保 要是 这些 配送 呵呵 还有 问题 就是 时候 听到 本本 发出 运作 比较 同事 没有 这个 问题 不会 机子 内部 哪里 不好 外形 笨重 这样 另外 型号 没有 读卡器 但是 卡槽 可以 硬盘 速度 太慢 整机 性能 一般 视频 厉害 触摸屏 按键 使用 方便 发热 厉害 机子 底部 明显 发烫 散热 风扇 声音 比较 特别 安静 时候 明显 钢琴漆 外壳 容易 推荐 大家 贴膜 保护 市面上 不少 专用贴 贴出来 效果 磨砂 表面 如出一辙 机子 确实 比较 屏幕 没有 卡扣 习惯 时间 屏幕 转轴 松后 合不 严实 发热 一般 居然 硬盘 只分 这个 原版 怎么办 重新 分区
",1,"1
","1
","1
","1
"
" 格式化 硬盘 买回来 试了试 因为 出差 一直 没用 打开 换货 电池 不能 充电 希望 出厂 时严 质量关 顾客 减少 不必要 麻烦 男人 不好 稍微 有点 屏幕 清晰度 比起 其他 品牌 机身 鼠标 按键 手感 不好 显示 率用 起来 还是 玩游戏 不爽 电池 太重 虽然 续航 时间 但是 未必 所有 用户 需要 这么 长时间 可以 考虑 提供 选择 屏幕 镜面 客服 之前 回答 相反 个人 喜欢 沙面 镜面 晃眼 风扇 声音 想象 不少 蓝屏 需要 修改 设置 硬盘 参数 改为 方式 散热 有待 加强 不过 好像 基本 这样 系统 习惯 光驱 开机 声音 还有 系统 适应 有些 不起作用 配送 速度
",1,"1
","1
","1
","1
"
" 真的 太慢 下单 收货 时间 还有 笔记本 电池 耐用 不到 电池 不到 小时 至少 小时 以上 可以 还有 摄像头 上面 像素 其实 只有 像素 效果 散热 不是 一般 网页 软件 光盘 装时 到达 无线 网卡 没有 开关 每次 开机 需要 键盘 组合键 开启 无线 网卡 即使 没有 开关 可以 家用机 那样 开机 自动 开启 无线 网卡 开箱 发现 触摸板 左键 惠普 质量 控制 体系 可以 垃圾 形容 风扇 比较 好像 通病 音质 电源 插口 有点 紧不 太爽 每次 拔出 花点 力气 还有 系统 比较 麻烦 建议 以后 直接 方便 安装 怎么 感觉 另外 联想 一样 感觉 区别 预装 不如
",1,"1
","1
","1
","1
"
" 什么 不装 中关村 微星 代理 帮忙 系统 没收 代理 京东 价格比 进货 价格 意图 不言而喻 没有 蓝牙 完美 系统 稍微 麻烦 毕竟 这个 自带 系统 自己 不会 要是 电池 续航 时间 屏幕 却实 没有 容易 安装 没有 任何 问题 驱动 支持 完美 唯一 就是 散热量 比较 希望 不会 什么 问题 电池 较弱 特别 运行 电影 竟然 支持 不了 小时 开机 使用 默认 东西 必须 自己 优化 否则 起来 太卡 妹妹 因为 知道 哪个 芯片组 要是 本本 开始 启动 时候 风扇 声音 有点 知道 什么 原因 屏幕 机身 连接处 要是 设计 螯合 有些 缝隙 要是 严谨 做工 完美 并且 左边
",1,"1
","1
","1
","1
"
" 包装 鼠标 算是 个人 满意 地方 系统 不好 原有 联想 工作 朋友 但是 释放 只有 C盘 外壳 材质 粗糙 外壳 厚度 较薄 单声道 喇叭 人性化 这样 价格 而言 可以 电池 耐用 无线 声音 最大 亮度 只能 知道 是不是 个案 无线 搞定 原来 物理 开关 要开 才能 然后 可以 外观 颜色 有点 鼠标 自己 不过 垃圾 为什么 预装 硬盘 初始 分区 只有 产品 工程师 自己 不用 电脑 两边 基本 用不上 只有 左侧 只是 而且 接鼠 真的 方便 而且 做工 一般 起来 一般 散热 不足 系统 男装 懂得 建议 装好 系统 卸载掉 不然 全部 没用 价格比 配置 其他 牌子 电脑 比较
",1,"1
","1
","1
","1
"
" 困难 因为 芯片 驱动 比较 屏幕 电池 只能 小时 没有 传说 那么 夸张 充电 时间 机子 太重 底部 速度 只能 满足 一般 需要 没有 操作系统 内存 散热 不好 时间 键盘 半边 以及 掌托 触控板 半边 比较 安装 驱动 真是 麻烦 要是 一键 安装 尤其 无线 网卡 惠普 网站 居然 唯独 感觉 商家 预装 系统 实在 用不惯 以前 从未 接触 建议 商家 以后 预装 别的 系统 做工 有待 改善 左上角 结合 处断 这个 显然 变形 单靠 底下 双面胶 无法 拉住 造成 较大 断差 希望 后续 批次 改善 电池 装上 略微 有点 电池 尺寸 控制 不行 产品 介绍 没有 说明 怎么
",1,"1
","1
","1
","1
"
" 幸亏 驱动 要不然 肯定 搞不定 自己 三星 内存 原来 内存 如果 稍微 预装 软件 底部 热量 挺烫 触摸板 按键 噪声 电源 指示灯 晃眼 模式 切换 功能 鸡肋 到手 硬盘 屏幕 就是 质量 稳定 不知 华硕 问题 还是 物流 问题 没有 系统 这个 不好 自己 费时间 还有 显卡 摄像头 驱动 问题 显卡 得装 不然 什么 什么 启动 不了 内存 太小 没装 系统 蓝牙 没有 芯片组 太烂 双通道 内存 支持 即使 内存 相对 台式机 还是 有点 而且 版本 软件 需要 重整 就是 系统 麻烦 T盘 装会 启动 不了 出现 什么 我用 安装盘 搞定 但是 夜深人静 时候 只要 操作电脑 听到 滴滴 硬盘
",1,"1
","1
","1
","1
"
" 声音 知道 是否 正常 此款 机子 不为 设计 装机 比较 麻烦 折腾 总算 搞定 不过 还是 留有 不足 就是 声音 有时 声响 主要 还是 兼容 原因 这么 以后 升级 键盘 山寨 摄像头 模糊 估计 只有 系统 及其 驱动 不好 分区 还有 隐藏 分区 不过 这样 硬盘 一定 要换 没有 蓝牙 摄像头 麦克风 有点 小麻烦 原版 没有 驱动 无法 安装 装雨 林木 纯净 自带 无线 网卡 驱动 不能 需到 官网 下载 反复 不能 激活 提醒 其他 买家 除非 导入 证书 否则 其他 激活 方法 不用 最后 知道 是不是 加装 内存条 原因 偶尔 蓝屏 内存条 电池 较差 说明书 简单 不过 没有
",1,"1
","1
","1
","1
"
" 大用处 没有 内胆 附送 键盘 之间 间隙 不如 节省 空间 机子 小巧 点儿 外观 有点 难看 估计 模具 关系 还有 塑料 外壳 感觉 低档 应该 设计 不美观 笔记本 包和 鼠标 屏幕 没配 还有 就是 本本 散热 右边 右手 鼠标 不行 口距 插口 分步 不合理 这个 笔记本 上门 家庭 高级 结果 拿到 太重 女孩子 还是 真的 不要 考虑 键盘 有点 浮动 右边 触摸 点点 鸡肋 感觉 问题 网上 可以 参考 无线 容易 断网 启动 时候 塑料 味重 机身 较薄 用到 蓝屏 知道 什么 原因 观察 笔记本 没送 包和 内胆 麻烦 另外 还是 感觉 笔记本 系统 似乎 不是 稳定 开机 进入
",1,"1
","1
","1
","1
"
" 黑屏 启动 光驱 时会 发出 响声 估计 光驱 螺丝 原因 中通 送货 速度 太慢 内存 比较 合适 刚刚 降价 东西 到手 上网 订单 结束 结果 看到 价格 已经 火大 没有 什么 快捷键 所有 操作 方便 主板 不是 英特尔 原装 主板 支持 双通道 内存 怪不得 价格 比较 虽然 发热量 机器 硬盘 发热量 较大 导致 风扇 不停 高速 转动 使用 觉得 噪声 声音 同样 工作量 速度 遗憾 鼠标 垃圾 起来 还有 噪音 手感 不好 只能 标配 内存 三星 内存 内存 插槽 升级 就要 浪费 标配 内存 改为 单条 更好 不好 升级 内存 同样 成本 不如 预装 电池 只是 没有 光驱 系统
",1,"1
","1
","1
","1
"
" 比较 麻烦 支持 只能 模式 启动 不少 时间 价格 还是 蛮贵 只有 内存 插槽 上面 配置 表里 满意 地方 机子 拆开 插槽 客服 人员 确认 准备 内存 机子 买回来 浪费 内存 知道 怎么回事 触摸板 不灵敏 以前 笔记本 起来 感觉 灵敏度 而且 键盘 中间 翘起来 棚空 感觉 还有 触摸板 实在 每次 用力 担心 笔记本 压坏 唯独 不能 理解 地方 内存 占用率 很低 时候 鼠标 显示 等待 像是 死机 感受 不到 强大 纳闷 只有 接口 京东 参数 楞说 郁闷 屏幕 习惯 没包 鼠标 系统盘 抠门 散热 好像 一般 看好 会员 要是 有券 更好 相比 不挺 划算 只分 菜鸟 不会 自己 物流
",1,"1
","1
","1
","1
"
" 态度 不好 配件 基本上 光机 以前 遥控器 没了 网上 看到 人家 鼠标 没有 发现 跌价 触摸板 附近 较热 系统 安装费 很大 预装 或者 不足 内存 不足 不过 可以 自己 没有 任何 驱动 自己 费事 接口 而且 接口 过少 方便 底部 扩展 散热 不是 电池 好像 时间 比较 标志 上面 感觉 有点 还是 喜欢 实在 不爽 开机 内存 插进去 稍微 光驱 知道 怎么 装个 进去 此款 机型 硬盘 服务 分区 只有 分区 可以 考虑 出厂 预装 系统 做好 分区 没有 单买 但是 适配器 地方 郁闷 电脑 极好 以后 电池 更好 接口 只有 英寸 应该 轻薄 操作系统 不如 自如 关键 重要
",1,"1
","1
","1
","1
"
" 软件 比如 杀毒软件 兼容 郁闷 起来 习惯 速度慢 分区 麻烦 垃圾 软件 卸载 麻烦 了解 起来 舒服 上下 距离 宽度 相当于 屏太亮 而且 设置 只要 重启 键盘 手感 没有 开始 时候 散热 一般 机器 硬盘 温度 达到 接口 只有 而且 机身 右下角 位置 鼠标 觉得 碍事 当然 换成 蓝牙 鼠标 附带 驱动 没有 正确 无线 网卡 驱动 没有 快捷键 软件 需要 自己 网站 下载 安装 系统 使用 起来 习惯 改装 系统 而且 没有 自带 系统 底下 驱动 需要 自己 而且 安装 驱动 需要 一定 顺序 比较 麻烦 另外 就是 散热 比较 键盘 起来 觉得 有点 没有 其他 牌子 感觉
",1,"1
","1
","1
","1
"
" 弹性 那么 那么 紧实 没有 蓝牙 一大 遗憾 散热 头疼 系统 超级 折腾 想到 这里 想着 村里 保证系统 能装 声卡 驱动 折腾 摄像头 似乎 有点 问题 音孔 太紧 开机 太慢 蓝屏 巨型 光驱 劣质 接口 全开 就是 驱动 有点 小麻烦 自带 驱动 驱动 基本 就是 无线 网卡 没有 起来 复杂 问题 搞定 还有 驱动 手动 出来 无法 自动 安装 驱动 问题 有些 热键 不能 声音 不行 据说 驱动 问题 知道 怎么办 屏幕 效果 一般 要是 屏幕 检测 生产日期 自带 系统 设置 关闭 然后 安装 其他 系统 样子 商务 塑料 屏幕 没有 鼠标 自有 东券 不爽 其他 就是 霸王 条款
",1,"1
","1
","1
","1
"
" 东券 消费 才能 使用 感觉 被套 外观 尺寸 首先 屏幕 比例 乍一看 确实 舒服 确能 很好 控制 体积 感觉 那样 外观 图片 看上去 要好看 键盘 浮萍 个人 喜欢 这种 设计 包好 里面 音箱 清洁 直接 再就是 其它 就是 可以 退步 不知 需求 送货 时间 订货 手里 足足 还有 不是 说免 运费 为什么 块钱 音响 完全 垃圾 实在 无法忍受 这种 音质 要求 没有 无法忍受 你们 可以 看看 程度 电池 似乎 没有 小时 那么 巧克力 键盘 习惯 感觉 单薄 可惜 不能 提供 驱动 重装系统 有点 麻烦 因为 产品 系统 驱动 完整 还有 就是 电脑配置 一样 版本 回来 折腾 不如 我个 只有
",1,"1
","1
","1
","1
"
" 裸机 系统 方便 键盘 好像 比较 小心 出来 本子 但是 感觉 有点 可能 电池 缘故 键盘 手感 不太好 内存 插槽 升级 内存 出来 虽然 使用 最新 但是 芯片组 却是 有点 遗憾 如果 最新 更好 不过 可能 这个 价位 没戏 钢琴漆 表面 就是 指纹 收集器 随便 惨不忍睹 表面 标不 好看 商务 有点 恶搞 显示器 显示 有点 惨白 色彩 有些 失真 驱动 实在 尤其 声卡 驱动 华硕 不会 这个 搞不定 不够意思 稍逊 这个 显卡 差点 美国 国内 版本 增加 内胆 要是 有个 电源适配器 超难 送货 速度 简直 没法 客服 电话 马上 处理 马上 处理 处理 送过来 声音 有点 不好 电池 的确
",1,"1
","1
","1
","1
"
" 不经 小时 没了 温度 一直 以上 知道 什么 回事 就是 京东 降价 时候 没过几天 居然 直接 损失 块钱 感觉 本子 阉割 一样 分量 内存 不过 内存 便宜 需要 操作 系统重装 经常 移动 稳定性 不如 不过 移动 类型 集成显卡 风扇 声音 很大 系统 麻烦 电池 后面 突出 影响 美观 速度慢 机器 有点 放歌 停顿 停顿 重量 一般 上网 触摸板 鼠标 反应 不灵敏 区域 太小 感觉 眼睛 不好 酌情 考虑 仍旧 感觉 鸡肋 食之 无味 弃之可惜 提点大 隐隐 还有 客服 知道 怎么 指导 我们 机子 发热 不少 光驱 读盘 确实 有点 高端 相比 无线 网卡 到底 安装 那个 驱动 相对 屏幕
",1,"1
","1
","1
","1
"
" 不是 镜面 亮度 差一点 音箱 部分 外观 网站 图片 一定 差别 型号 音箱 部分 鼓起 金属网 格状 图片 时候 一直 以为 那种 有点 诧异 到手 发现 右上角 边上 亮点 不过 边上 无所谓 还是 有点 原装 鼠标 原装 两样 重要 可以 有效 方便 购买者 否则 还要 另外 购买 本子 红色 没有 想象 好看 耀眼 软件 自己 有点 麻烦 呵呵 另外 试机 功夫 蛮热 似乎 散热 不太好 黑边 太大 屏幕 可以 大些 没有 光驱 瑞星 还是 光盘版 内存条 需要 自己 系统 不好 软件 兼容 没有 触摸板 方便 还有 就是 只有 分区 有点 郁闷 发现 一样 郁闷 无线 加密 支持 郁闷 极了
",1,"1
","1
","1
","1
"
" 远程 组网 网络安全 破解 并非 难事 以为 上网 时尚 东西 内置 东西 这么 反应 还是 有点 可能 上网 这样 下单 要求 京东 估计 根本 没看 服务 有待 提高 事物 照片 家里 灰色 以为 一样 结果 收到 黑色 表面 不错 底部 塑料 用料 磨具 感觉 不是 档次 模线 老大 遗憾 笔记本 设置 里面 硬盘 出场 设置 不能 直接 安装 需要 入门 玩家 着急 缺点 不要 讨厌 就是 不能 直接 机器 时间 散热 不好 游戏 卡一卡 系统 系统 显卡 驱动 更换 不少 就是 解决不了 问题 联想 程序 我们 电脑 程序 一样 而且 京东 铲平 享受 上门 维修 内存 更好 京东 快递
",1,"1
","1
","1
","0
"
" 敲门 简直 而且 签收 验货 客户 公平 插入 无线 上网卡 接口 自动关机 待机时间 没有 宣称 那么 长久 比较 容易 手印 本人 广州 京东 自提 给钱 验货 到手 系统 开机 没有 进去 知道 什么 原因 他们 技术员 前台 上班 因为 服务态度 一般 只好 提着 知道 行不行 东西 含恨 内存 只能 自己 键盘 手感 没有 传说 那么 可能 习惯 不过 同事 试了试 键盘 一样 总体 还是 比较 舒适 习惯 如果 还是 独显 集成 毕竟 不行 装机 遇到 麻烦 还好 蛮好 但是 机子 键盘 音量 好像 不管 使用 电源适配器 容易 发热 有点 担心 烧坏 触摸板 按键 有点 质量 速度 不错 就是 圆通
",1,"1
","1
","1
","1
"
" 快递 太差 单上 注明 本人 签收 快递 随便 责任感 没有 没有 预装 窗口 系统 散热 一般 发现 正版 杀毒软件 还是 有点 纸箱 拆开 小小的 郁闷 但是 硬盘 通电 小时 还好 物流 糟糕 申通 服务 恶劣 自己 去取 系统 折腾 搞定 貌似 还有 驱动 搞定 镜面 处理 指纹 收集器 预装 花哨 无用 软件 浪费资源 拖累 速度 这个 价位 本子 不送 包不送 鼠标 简配 说不过去 出风口 热量 其他 机型 散热 装机 非常 费劲 关闭 还是 不行 格来格 终于 搞定 驱动 不好 顺序 基本 问题 驱动 好像 上用 这个 败笔 不过 官网 找到 驱动 没什么 注意 版本 一样 指纹 郁闷 刷卡 给开
",1,"1
","1
","1
","1
"
" 增票 知道 怎么 解释 刷卡 之前 说明 刷完 订单 增票 还是 满意 占地 顺手 朋友 过渡 系统 不到 取代 不错 不过 好像 只有 测试版 使用 电源适配器 时候 发热量 惊人 有点 担心 烧坏 触摸板 灵敏 触摸板 按键 确实 有点 键盘 左上角 时候 下陷 毛病 别的 地方 还好 风扇 没有 自带 调速 功能 有点 失望 借助 软件 调速 电池 待机时间 太短 机器 机身 发烫 送给 鼠标 完美 返修 麻烦 出现 花屏 然后 申请 换货 内存 稍微 小点 计划 增加 改成 硬件 无法 识别 知道 什么 东东 删除 系统 有点 麻烦 屏幕 太小 分辨率 只有 舒服 盖子 严实 缝隙 内存 时候 发现
",1,"1
","1
","1
","1
"
" 双面胶 处理 显卡 切换 时候 短暂 黑屏 现象 镜面 设计 容易 指纹 降价 速度 订货 收货 没了 缺少 原装 使用 较大 知道 寿命 如何 显示屏 中间 华硕 标志 非常 知道 有点 还是 缺点 主要 这个 标志 时候 糟糕 系统盘 不到 硬盘 最后 U盘 启动盘 启动 操作系统 然后 环境 使用 安装 镜像 终于 能够 系统 唯一 感觉 不足 硬盘 就分 每个 要是 分成 更多 呵呵 说明书 简陋 盘带 软件 没有 详细 说明 什么 时候 知道 有些 快捷键 没法用 知道 那个 那个 另外 键盘 手感 不是 发热量 开机 没多久 上网 机器 没有 下过 一直 以上 知道 正常 还是 问题 希望 有人
",1,"1
","1
","1
","1
"
" 指教 知道 这个 双核 原来 简版 不过 这个 价钱 系统 比较 麻烦 还好 指点 顺利 安装 不知 驱动 下全 暂时 凑合 用着 订单 付款 没有 现货 再次 到货 已经 降价 没有 通知 没有 退款 不知 如何 解决 价格 不是 便宜 招商 还是 浦发银行 人家 可以 分期 驱动 还有 系统 自装 还有 显卡 鸡巴 还有 系统 麻烦 恶劣 令人 无法忍受 喇叭 笔记本 竟然 不如 索尼 爱立信 手机 喇叭 音质 排风 左侧 纳闷 可能 考虑 手冻 打不动 键盘 时候 人性化 设计 京东 物流 抓狂 这个 已经 收货 另一单 北京 没有 发货 效率 不是 一般 底下 硬盘 到手 发现 坏块 因为 完美
",1,"1
","1
","1
","1
"
" 京东 本地 硬盘 发票 需要 电池 衔接 可有 间隙 出厂 面贴 保护膜 敷衍 气泡 虽然 反正 撕掉 说明 厂家 态度 严谨 稍微 有点 硬盘 初步 测试 读写 速度 一般 占用率 随机 附带 驱动 光盘 只有 驱动 无法 适用 读卡器 插入 有点 方便 发热 相当 厉害 噪音 很大 夜深人静 电影 时候 尤为 明显 硬盘分区 不合理 电池 突出 严重 影响 美观 电池容量 游戏 还是 磨具 做工 虽然 接缝 平滑 但是 偏软 最大 软肋 芯片组 虽然 没有 那么 但是 心里 总是 那么 舒服 我们 已经 相信 微软 广告 那么 唯一 不足 这样 电脑 精通 就是 没装 系统
",1,"1
","1
","1
","1
"
" 就是 自己 搞定 键盘 手感 开机 需要 恢复 系统 整个 过程 小时 段时间 发热量 比较 但是 正常 使用 温度控制 很好 自带 还是 不过 官网 驱动 全面 型号 安装 哪些 驱动 清楚 品牌 价格便宜 配置 还好 屏幕 看起来 舒服 外观设计 独特 感觉 还好 拿到 完美 比较 清晰 细腻 背光 电影 不错 散热 还好 不好不坏 键盘 看起来 起来 可以 这个 配置 可以 一般 游戏 要求 够用 性价比 屏幕 还是 不错 就是 有点 反光 多功能 触摸板 一大 亮点 东西 不错 外观 靓丽 运行 速度 性价比 配套 功能齐全 配件 丰富 免费 杀毒软件 噪声 比较 实用 本本 一般 家用 或者 办公 足够 配置 比价
",0,"0
","1
","1
","0
"
" 均衡 一般 游戏 应该 硬盘 比较 可以 东西 网络 摄像头 像素 摄像头 读卡器 无线 网卡 基本上 独立 显卡 显存 容量 独立 算是 同价位 比较 芯片 华硕 还是 专业 做工 不错 外壳 很漂亮 测试 中通 很快 订单 收到 京东 总部 自提 额滴 满意 服务 没得说 漂亮 看来 没有 拆过 封装 严实 好像 开机 仿佛 看见 清纯 招手 一楼 自己 检测 音效 不错 坏点 优化大师 惭愧 反复 还是 出来 有没有 不会 漏光 屏幕 效果 眼睛 不累 键盘 温度 不是 有人 风扇 响声 完全 忍受 总体 感觉 这个 价位 配置 差不多 主要 模版 精致 或者 电池 续航 能力 硬盘 什么 优派 满足
",0,"0
","1
","1
","0
"
" 这些 条件 改成 接口 散热 不好 建议 价钱 或者 出点 购买 其他 机器 返现 特价 这个 配置 比较 性价比 电池 可以 小时 找到 所谓 节电 小时 设置 键盘 比较 漂亮 较大 改进 速度 预想 商场 试用 其他 机器 觉得 有点 这个 可以 可能 性能 稍微 那么 散热 不错 运行 声音 很小 价格便宜 性价比 显卡 性能 小键盘 实用 接口 丰富 做工 比较 精致 钢琴 烤漆 键盘 特色 触摸板 触感 一流 但是 按键 比较 散热 性能 扬声器 音质 不错 幸亏 提货 买完 广州 就断 红色 外观 不错 做工 可以 外观 不错 操作 起来 主要 只是 用来 办公 速度 不慢 宝蓝色 外壳
",0,"0
","1
","1
","0
"
" 很漂亮 索尼 一样 键盘 高档 配置 不错 性价比 待机时间 散热 外观设计 比较 好看 铝合金 面板 还是 好看 键盘 手感 可以 而且 屏幕 不仅 而且 结实 背面 屏幕 没有 明显 影响 加到 内存 运行 速度 还是 一般 不过 可能 机器 太好了 准备 装成 估计 没有 具体 测试 但是 待机时间 小时 还是 可能 因为 自己 所以 白色 本本 外观 很漂亮 干干净净 没有 任何 瑕疵 外伤 里面 电源线 其他 相关 完好 打开 箱子 封着 京东 特别 非常 放心 打开 本本 屏幕 清晰 虽然 屏幕 只有 但是 呈现 效果 很好 键盘 使者 舒服 当然 因为 本本 自身 所以 不能 大本 边上 接口 方便
",0,"0
","1
","1
","0
"
" 厂家 设计 不错 虽然 本本 但是 配备 摄像头 内部 设置 够用 制造 感觉 差不多 质量 还是 比较 外加 京东 退货 换货 服务 大件 不怕 质量 问题 相比 电池 突出 待机时间 上网 基本功能 性价比 不错 到货 可以 散热 问题 觉得 不想 别人 那么 触摸板 这里 有点 其他 地方 蛮好 机子 发现 任何 值得 说好 地方 等待 不停 投诉 下面 评价 不让 写字 不了 总体 感觉 发现 什么 问题 京东 速度 没的说 下单 通知 取货 本本 想象 没有 遇到 暴风 影音 黑屏 现象 运行 速度 很快 散热 不错 网上 本本 到货 很快 感觉 满意 而且 这个 价格 这个 配置 算是 超值
",0,"0
","0
","1
","0
"
" 东西 不错 一揽子 内存 附件 其他 东西 价格 便宜 不过 电脑 本身 不错 毕竟 不用 挺轻 自己 改装 网上 基本上 得到 全部 驱动 色彩 挺不错 有人 改成 系统 音响效果 变差 觉得 可能 怎么 体会 系统 出色 不过 看看 片子 单单 机子 性价比 不错 但是 没送 包包 败笔 下单 降价 东西 这个 接受 不了 白色 上网 里面 三星 漆膜 漂亮 送给 女朋友 确实 不错 选择 之前 选择 因为 觉得 可能 更好 但是 最后 还是 选择 这个 奔腾 速度 很快 而且 不是 而且 真是 物美价廉 键盘 舒服 不用 评价 赠送 包包 相当 范儿 皮质 商务 感觉 轻便 笔记本 其实 就是 轻便
",0,"0
","0
","0
","0
"
" 这个 笔记本 去掉 指纹 这些 实用 功能 性价比 内存 容易 加进去 以前 内存 键盘 不错 外表 体积 小巧 用来 工作 上网 足够 性价比 女朋友 喜欢 红色 小花 希望 京东 可以 提供 机型 综合 配置 不错 键盘 触摸板 手感 不错 液晶屏 电影 效果 不错 就是 上下 视角 重量 轻便 因为 塑料 外壳 性价比 速度 杜比 音效 蓝牙 无线 网卡 高清晰 摄像头 内置 麦克 不错 机子 样式 配置 不错 显示屏 不好 检测 不错 外壳 一般化 这个 价位 可以 运行 小时 有点 烫手 很漂亮 外观 性价比 感觉 不错 功能 简单 适合 出差 外出 携带 摄象头 满足 基本 需求 不是 要求 值得 购买
",0,"0
","0
","0
","0
"
" 满足 一般 上网 需求 整体 感觉 各种 功能齐全 自带 正版 系统 安装 硬盘 硬盘 移动 保护 一键 恢复 系统 刻录 恢复 光盘 电池 方面 开始 过激 充电 用掉 来回 以后 基本 坚持 可以 总体 满意 性价比 不错 外观 不错 东西 还用 划算 接口 丰富 外观 漂亮 性价比 天津 提比 商场 便宜 京东 服务 发货 速度 到手 后装 旗舰版 小时 搞定 速度 挺快 蛮好 下单 货物 送到 驱动 就行 网上 下载 我用 深度 系统 装上去 比较顺利 外观 漂亮 白色 适合 女生 东东 比较 首先 看上 硬盘 惠普 硬盘 即使 固态 硬盘 太小 这种 大家 差不多 实惠 还是 配置 对得起 这个
",0,"0
","0
","1
","0
"
" 价格 运行 稳定 大气 电脑城 版本 驱动 意外 自己 盘里 指纹 发货 摄像头 麦克风 效果 不错 整体 速度 系统 驱动 价格便宜 配置 内存 显存 比较 无敌 屏幕 造型 稳重 摄像头 同等 价位 配置 无敌 同等 配置 价格 无敌 样子 漂亮 女朋友 喜欢 性能 性价比 笔记本 真是 白菜价 隐藏 分区 而且 可以 格式化 头大 就是 发热 问题 简直 火焰山 真实 情况 这个 散热 系统 相当 不错 但是 发热量 相当 客观 如果 散热 不好 早就 爆炸 原来 其实 不错 可是 会用 试了试 硬盘 彻底 重新 全过程 异常 顺利 不能 常用 各类 办公 软件 基本 没有 感到 试过 最低 分辨率 可以 运行
",0,"0
","0
","0
","0
"
" 高清 电影 确实 流畅 电池 确实 很棒 想想 知道 至少 小时 其他 品牌 类似 产品 便宜 电池 一般 华硕 这个 设计 确实 定位 明确 购有 风险 下手 谨慎 确实 卖场 便宜 套用 客服 先生 通俗 运气 入手 屏幕 有个 坏点 不够 坏点 退换 政策 郁闷 自认倒霉 凑合 套用 沈阳 观点 不能 这个 问题 太重 发热量 确实 戴尔 本子 那么 建议 配合 效果 散热 座用 那个 散热 垃圾 样子 很漂亮 喜欢 就是 送货 速度 有点 呵呵 希望 有所改进 漂亮 稳定 这款 本本 最大 优点 系统 好装 手边 一次性 装完 官网 驱动 全部 下载 上掉 问题 没有 总体 性价比 不错 不足
",0,"0
","0
","1
","0
"
" 接口 而且 左边 麻烦 麻烦 总结 总体 性价比 不错 朋友 等到 时候 通知 本本 不错 因为 货到付款 邮局 送来 收货 确认 运行 电脑 运行 电脑 不错 质量 还是 保障 外观 可以 整体 配置 不错 系统 外观 可以 整体 配置 不错 系统 外观 可以 整体 配置 不错 系统 外观 可以 整体 配置 不错 系统 钢琴漆 很滑 很亮 看起来 很爽 按键 舒服 活动 赠品 价格 可以 配置 不错 外形 喜欢 待机时间 小时 喜欢 屏幕 看到 信息 显示 不是 算是 惊喜 已经 打上 补丁 补丁 基本 常用软件 杀毒软件 试用版 性价比 完美 通电 时间 只有 小时 主板 京东 资料 有误 还有 蓝牙 这个
",0,"0
","0
","0
","0
"
" 比较 省去 拆机 蓝牙 模块 烦恼 硬盘 西数 感觉 日立 以前 日立 每次 启动 声音 西数 不到 内存 这个 散热 不错 性价比 大型 游戏 什么 足已 够用 优点 外观 有型 配置 不错 价格合理 非常适合 商务 使用 不足 光驱 偶尔 声音 真的 很大 底部 发热量 很大 总结 特价 价格 购买 还是 超值 值得 小巧 漂亮 键盘 便携性 电池 续航 虽然 达到 宣传 小时 不过 小时 不错 机器 小巧 轻便 感觉 皮实 经常 出差 感受 轻便 感觉 太爽了 无线 上网 起来 感觉 真的 太棒了 在家 可以 免费 上网 信号 不错 考虑 是否 取消 宽带 很漂亮 图片 上看 好看 三星 就是 比较
",0,"0
","0
","0
","0
"
" 精致 起来 感觉 待机时间 比较 比较 升级 总线 之后 时候 预装 系统 性价比 其它 牌子 电脑 相比 大概 相同 配置 配置 不错 小黑 有着 小黑 出色 键盘 沉稳 外观 价格 实在 没什么 可说 质量 应该 其他 品牌 保证 用户 舒适度 不错 虽然 其他 但是 还是 吸引力 机器 老板 自己 一直 系类 所以 老板 需要 不是 很贵 小本 马上 推荐 外观 非常 漂亮 虽然 觉得 散热 觉得 还是 不错 遥控器 好玩 薄薄的 电影 方便 操控 入手 之后 没有 什么游戏 不用 起来 还是 挺舒服 屏幕 比较 性价比 收购 贵族 机子 变成 大众 机子 大家 可以 过把瘾 东西 完美 散热 之前 小黑
",0,"0
","0
","0
","0
"
" 略有 差距 考虑 价格 差距 什么 屏幕 配置 强悍 外观 可以 散热 问题 华硕 质量 信得过 作为 家用机 非常 不错 内存 三星 内存 样子 不错 具体 性能 有待 进一步 探索 太猛 不要 轻易 要是 不能 用换 鼠标 就行了 电池 耐用 网页 偶尔 听下 音乐 能用 小时 显示 效果 透亮 不敢 显示屏 很怕 三星 以前 本本 就是 三星 垃圾 视力 下降 有伤 健康 觉得 时候 评论 只有 检测 测试 居然 但是 色点 下方 不是 明显 觉得 美眉 脸上 心中 窃喜 宁愿 色点 不要 三星 伤眼 携带方便 爱好 大型 游戏 临时 办公 上网 电影 够用 外出 带上 回家 后外 显示器 光驱
",0,"0
","0
","1
","0
"
" 上网 电影 起来 超爽 便宜 实惠 总费用 比起 本本 就是 性价比 特别 特惠 觉得 划算 性能 足够 一般 使用 反正 就是 上网 文本处理 相当 充分 东西 拿到 之前 样子 一样 就是 知道 质量 好不好 没有 发现 问题 东西 使用 没有 发现 问题 就是 性价比 没有 庆幸 自己 出手 自己 非常 不错 就是 知道 为什么 没有 进网 许可 太漂亮 图片 已经 流口水 见到 真机 有点 夸张 不过 真的 不错 不仅 外观 还有 内涵 国货 京东 送货 很快 送货员 态度 满意 发热 控制 不错 性价比 收到 显卡 配置 上写 飞车 可以 细节 有点 附加 设备 散热 顺利 驱动 官网 快捷 可以
",0,"0
","0
","0
","0
"
" 使用 个人感觉 够用 对比 上网 联想 键盘 边框 导致 键盘 惠普 边框 没有 但是 太贵 银子 有限 华硕 性价比 华硕 普遍 做工 用料 差些 性价比 比较 机子 外观 不错 性能 还行 主要 自带 系统 太慢 时间 明显 速度 播放 电影 占用率 模具 做工 比较 精致 烤漆 虽然 容易 收集 指纹 质感 确实 一般 朔料 电池 确实 比较 无线 网卡 蓝牙 扬声器 文档 亮度 可以 小时 键盘 表面 发热量 相当 性价比 不错 其实 一直 关注 不过 性价比 不好 一直 犹豫 幸亏 没买 漂亮 性价比 值得 购买 自动 更换 桌面 乐死 号称 联想 特色 价格 可以 拿下 回到 正品 泰格斯 很漂亮
",0,"0
","0
","0
","0
"
" 扎实 性价比 其实 挺好用 正是 由于 免费 所以 性价比 这样 配货 很快 做工 不错 散热 显卡 切换 可能 东西 不错 时候 送到 估计 最后 样子 很漂亮 镜面 设计 外观 使用 相对 其他 一线品牌 价格低 配置 均衡 容易 普通 电脑 朋友 建议 深度 进入 设置 光驱 启动 这个 然后 安装 差不多 可能 大家 比较 分区 安装盘 微软 已经 自带 方便 关键 安装 光盘 驱程 建议 深度 或者 雨林 其他 驱程 网上 不行 网站 这个 品牌 里面 性价比 算高 感觉 发热量 有点 其他 还好 启动 光驱 声音 较大 内存 真是 不够 建议 购买 直接 内存 电池 使用 时间 火车 小时 电影
",0,"0
","0
","0
","0
"
" 最后 实在 熬不住 电池 还是 键盘 舒服 性能优越 这个 价格 配置 称得上 高性价比 外观 很漂亮 拿手 觉得 太沉 流畅 程序 基本 觉得 内存 就是 价格 合适 质量 作为 商务 挺好 外观 看起来 气质 耐看 看上去 质感 感觉 键盘 舒服 好像 刻录机 原装 正货 提货 封贴 什么 都还没 因为 京东 购物 上门 提货 看到 货后 总算 担心 品质 问题 绝对 正品 行货 这次 交易 搞笑 下单 既然 发现 促销 返现 还好 上门 提货 马上 取消 重新 开始 没报 太大 希望 但是 装上 之后 发现 还是 满足 一般 需求 看看 片子 处理 处理 文档 没有 问题 游戏 知道 不能 适应 外观
",0,"0
","0
","0
","0
"
" 不错 键盘 舒服 不算 太小 硬盘 很大 实惠 比起 同档次 主流 配置 算是 性价比 凸显 绝对 算是 正宗 里面 性价比 最高 除外 散热 没话说 安静 关机 原装 软件 丰富 电池 续航 时间 本本 携带方便 性能 应付 日常 应用 问题 看中 没想到 活动 那么 东西 是从 中选 出来 喜欢 安装 感觉 所有 驱动 官方 提供 各种 快捷键 驱动 搞定 速度 很快 完美 屏幕 玩游戏 不卡 用来 作图 很快 主要 软件 音响效果 喜欢 各个方面 配置 阔绰 性价比 同样 规格 电脑 不算 键盘 触感 不错 系统 运行 比较 键盘 不愧 敲打 起来 舒服 内存 速度 还是 比较 材质 感觉 不错 自己 螺丝刀
",0,"0
","0
","0
","0
"
" 打开 最后 成都 服务站 他们 帮忙 内存 免费 分区 一键 恢复 破坏 满意 加上 速度 高清 电影 效果 不错 游戏 怎么 买来 番茄 播放 视频文件 黑屏 动弹不得 不知 什么 系统 黑屏 黑屏 问题 性价比 还好 外形 很漂亮 系统 界面 漂亮 键盘 指感 触摸式 操控 实用 不足 硬盘 只分 知道 怎样 进行 分区 没有 配置 驱动 光盘 不好 虽然 笔记本 本身 刻录 可是 麻烦 客户 外观 精美 轻触 操作 方便 官方网站 软件 资料 下载 更新 及时 发货 速度 口碑 想换 舍不得 正版 三星 条子 运行 修改 系统文件 侧边 功能 齐全 起来 不错 上网 文字处理 这些 集成 声卡 质量 以前 有所
",0,"0
","0
","0
","0
"
" 下降 音量 显卡 略微 有些 不足 配能 达到 这个 效果 还是 满足 散热 相当 满意 安静 散热 非常 外观 很大 如果 不是 家中 电脑 真的 运行 稳定 声音 外观 简洁 触摸板 设计 整个 板面 成为 一体 清理 低价位 性能 因为 需要 配置 看中 该款 商务机型 相信 做工 所以 选择 该款 外观 不错 硬盘 家庭 普通 京东 描述 一样 物超所值 性价比 真的 超高 做工 一般 但是 相对 价格 绝对 接受 而且 西数 硬盘 没有 顿卡 现象 比较 幸运 红色 产品 外观设计 时尚 无亮点 总体 性能 不错 送货 非常 迅速 配置 足以 满足 需要 屏幕 完美 整机 外观 不错 发热 没说的
",0,"0
","0
","0
","0
"
" 严重 声音 效果 键盘 舒服 机器 光盘 驱动 好像 缺什么 驱动 客服 指导 顺利 就是 下装 知道 是否 反正 感觉 出来 续航 能力 外形 不错 轻便 运行 速度 以前 看过 品牌 上网 英寸 本限 金牌 抢购 这样 价格 这样 可爱 本子 激动 还有 什么 以前 起来 键盘 键要 好像 容易 省力 随机 不错 习惯 感觉 风范 联想 特点 中国 胜利 大气 配置 合理 高清 视频 音频 出色 京东 送货 小伙子 可爱 建议 他们 加工资 小巧玲珑 适合 某些 场合 使用 网友 容易 指纹 确实 但是 可以 价格 确实 性价比 不错 重量 关键 电池 独特 钢琴漆 镜面 另类 开始 上面 以为
",0,"0
","0
","0
","0
"
" 划痕 虚惊一场 有着 厚实 虽然 这个 品牌 低端 产品 但是 过于 其他 品牌 做工 接口 日常 实用 延续 经典 形象 稳重 大气 品牌机 优势 性价比 可以 运行 稳定 进行 复杂 图形处理 商品 值得一提 就是 性价比 品牌 已经 足够 其他 升级 便宜 做工 相对 这个 价位 还是 非常 不错 不过 相对 用过 还是 距离 不过 价位 那里 整体 不错 京东 服务 不错 网上 看到 快递 进程 客户 心里 最大 优点 就是 便宜 这个 配置 真的 便宜 样子 不错 很漂亮 噪音 散热 问题 一般 不好不坏 优秀 外观 轻薄 分量 完美 性能 当然 同类 上网 相比而言 预装 需要 自己 但是 硬盘 一样
",0,"0
","0
","1
","0
"
" 所以 系统 朋友 分区 管理工具 重新 分区 记得 更新 硬盘 操作 里面 这个 选项 否则 出现 其他 驱动 下载 总而言之 很值 机器 性能 配置 算是 同价位 佼佼者 而且 商务 散热 一直 不错 值得 赞扬 京东 华硕 笔记本 发现 严重 问题 无法 使用 华硕 维修站 检测 发现 主板 由于 检测 过程 中拖 时间 长时间 以至于 超过 包换 要求 新机 或者 退货 你们 不能 坏掉 残次品 客户 希望 明确 答复 谢谢 手机 外观 漂亮 屏幕 大小 比较 合适 发现 坏点 比较 便宜 比较 轻巧 整体 可以 就是 不配 系统 安装 系统 方便 系统 呵呵 不错 不错 不错 不错 不错 不错 不错
",0,"0
","0
","1
","0
"
" 不错 不错 不错 不错 不错 不错 不错 不错 不错 不错 不错 不错 不错 不错 不错 不错 不错 不错 不错 性价比 超高 朋友 重要 看重 小时 续航 能力 超值 超棒 拿到 下机 屏幕 效果 玩游戏 不错 毕竟 显卡 还是 比较 强劲 散热 不错 风扇 比较 安静 虽然 价格比 同类 其它 品牌 产品 偏贵 更轻 可见 集成度 更好 散热 非常 没有 明显 发烫 毕竟 继承 自小 值得 随机 赠送 原装 真皮包 原装 不是 真皮 上面 标签 知道 其他 朋友 怎么 这个 原装 真皮包 京东 购买 非常 遗憾 指纹识别 希望 京东 引进 内存 运行 明显 吃力 换成 内存 便宜 散热 整体 做工
",0,"0
","0
","1
","0
"
" 不错 安装 系统 驱动 软件 顺利 开机 运行 小时 掌托 键盘 温度控制 很好 没有 发热 屏幕 很亮 清晰 适合 高清 视频 另外 包装 赠送 原厂 光电鼠标 比较 惊喜 电池 强悍 传说 小时 实际 估计 小时 外观 精致 外观 精美 价格便宜 以及 杀毒软件 鼠标 自带 系统盘 驱动 不错 满意 电脑 不错 有点 商务 气息 电脑 不错 有点 商务 气息 电脑 不错 有点 商务 气息 电脑 不错 有点 商务 气息 做工 精致 本本 自带 杀毒软件 不错 需要 自动 调节 频率 分辨率 电影 非常 流畅 拥有 本本 非常 满意 想象 顺利 外观 漂亮 大厂 风范 键盘 舒服 电池 小时 续航 不是 介绍
",0,"0
","0
","0
","0
"
" 小时 外观 不错 怎么 涨价 算是 赚钱 以下 笔记本 有货 这个 相对来说 可以 配置 比较 摄像头 整体 做工 尚可 系统 容易 搞定 外观 比较 漂亮 屏幕 呵呵 自提 全新 完美 硬盘 通电 时间 小时 可视 角度 色彩 不错 另外 这个 配置 这个 价格 性价比 算高 准备 升级 内存 硬盘 呵呵 值得 购买 另外 那么 费劲 设置 硬盘 模式 然后 可以 安装 使用 深度 快速 装机 驱动 可以 奶牛 官方网 这个 价位 配置 不错 上盖 没想到 宝蓝色 显得 精美 键盘 设计 以前 改变 质量 还行 买到 折腾 这个 系统 送货 很快 值得 表扬 外观 大气 漂亮 散热 噪音 尤其 小键盘
",0,"0
","0
","0
","0
"
" 造价 人员 非常 方便 适用 速度 性能 感觉 不错 自带 系统 掌握 方法 起来 更爽 完美 全新 行货 运行 安静 散热 价格 实惠 显卡 没的说 笔记本 已经 非常 游戏 运行 流畅 小巧 轻便 配置 合理 不同于 一般 上网 电池 能用 小时 完美 手神 不错 条子 蓝牙 想得到 配齐 期待 对比 原想 三星 看中 这款 键盘 所以 下单 本本 上网 方便 用来 比较 所以 键盘 电池 续航 能力 首选 开心 朋友 帮忙 界面 很漂亮 另外 自己 键盘 小包 还有 鼠标 当然 还有 床上 可用 小桌子 惬意 喜欢 旅游 可以 随时 读取 随时 上传 价格 合适 配置 外观 不错 设计 新颖
",0,"0
","0
","1
","0
"
" 运行 正常 没有 发现 大家 那些 毛病 风扇 声音 不过 觉得 买到 实在 外观 比较满意 显卡 总体 性能 可以 不足 散热 时间 知道 怎么样 没有 长时间 附带 光盘 没有 驱动 自己 下载 比较 麻烦 总结 京东 笔记本 购物 还是 比较 愉快 如果 联想 运动 背包 纪念版 完美 价格便宜 做工 以前 那款 独显 塑料 痕迹 还是 太重 科技 感不强 可能 要求 屏幕 无点 外观 时尚 键盘 独特 色彩 亮丽 性价比 功能齐全 散热 效果 非常 不错 惠普 整机 配置 均衡 内存 京东 内存 太好了 本本 外观 简约 不愧为 商用 键盘 设计 特点 显示 效果 色彩 靓丽 价高 发热量 天冷 可以 测试软件
",0,"0
","0
","0
","0
"
" 机器 重量 控制 不错 外观 不错 就是 有点 其它 问题 性价比 还是 不错 与否 有待 考验 系统 没用 性价比 没得说 这个 价位 很值 做工 不错 毕竟 华硕 散热 可以 不过 没有 长时间 大型 游戏 只是 初步 印象 屏幕 完美 好看 模样 招人 喜欢 功能 齐全 起来 舒适 价格比 国美 那些 便宜 因为 鼠标 原装 包包 价格 竞争力 做工 性能 超出 意料 功能 非常 不断 开发 人脸识别 软件 没试 改天 金属外壳 具有 很强 科技 商务 气息 键盘 大小 普通 笔记本 差不多 手指 可以 完全 放开 不用 担心 键盘 运行 速度 能流畅 运行 使用 上网 电影 没有 问题 比较 轻巧 相比
",0,"0
","0
","0
","0
"
" 普通 笔记本 前段时间 出差 同事 大块头 笔记本 感觉 就是 同事 小本 出差 性价比 不错 做工 精致 外观 尚可 适合 工科 生用 这个 配置 价位 真的 合适 完全 够用 而且 小黑 质量 非常 不错 外观 不错 比较 喜欢 整体 黑色 本本 所以 对此 非常 满意 另外 本本 整体 感觉 本本 结实 基本 配置 不错 噪音 暂时 没有 发现 坏点 专业 软件 检测 不知 硬盘 还是 什么 东西 运行 不停 节奏 可以 鼓点 华硕 售后 竟然 正常 不敢 抓进去 亏了 性价比 模具 适合 女性 选用 红色 搭配 不错 硬件 搭配 比较 平衡 价格 配置 机器 亮点 尤其 笔记本 性能 相当 不错
",0,"0
","0
","1
","0
"
" 虽然 集成显卡 应付 各种 日常 任务 有余 散热 方面 不算 比起 简直 可以 小毛 烫手 散热 相当 简单 没有 附送 什么 垃圾 软件 屏幕 呵呵 自己 强多 样子 比较 商务 按键 还好 散热 屏幕 效果 绚丽 没有 坏点 杜比 环绕 效果 内存 打开 速度 相当 流畅 功能键 非常 实用 接口 丰富 华硕 笔记本 京东 没想到 华硕 机子 京东 性价比 这么 经典 性价比 超高 同事 这次 父亲 非常 满意 总是 系统 稳定性 比较 散热 不错 界面 很漂亮 外形 设计 美观 配置 适合 需求 独立 显卡 配合 镜面 显示 效果 一流 相对 其他 品牌 喜欢 小黑 磨砂 质感 容易 指纹 散热
",0,"0
","0
","0
","0
"
" 不用说 预装 个人 喜欢 不过 兼容性 没辙 只能 配置 均衡 需要 另加 内存 否则 内存 就是 短板 价位 合理 散热 可以 制作 精良 完美 运行 小时 尚未 问题 小巧 精致 延续 风格 东西 质量 没的说 送过来 时候 全新 京东 服务 不错 发票 送货 及时 总体 可以 系统 搞了半天 总算 可以 没有 价格 比较 实惠 看着 讨人喜欢 升级 易碎 标签 知道 是不是 鼓励 升级 或者 忘记 包装盒 完好 封条 做工 真的 不错 小巧 适合 出差 颜色 还是 黑色 至少 商务 不会 稳重 键盘 尺寸 合适 打字 不会 错键 速度 但是 移动 服务 至少 联通 电信 速度 无所谓 关键 服务 外观
",0,"0
","0
","0
","0
"
" 不错 网上 图片 不同 但是 满意 屏幕 舒服 容易 非常 值得 推荐 系统 强大 配置 品牌 价格 比较 实在 做工 用料 满意 性价比 不错 价格便宜 有些 上网 不了 配置 不错 硬盘 刻录 摄像头 笔记本 麦克风 可以 飞利浦 电脑 麦克风 匹配 做工 精致 性能 稳定 主要 魔兽争霸 视频 没有 遇到 障碍 不错 待机时间 不是 非常 满意 大约 小时 而且 正常 使用 情况 机器 机器 而且 联想 音响效果 不错 特价 时候 突然 之间 降价 决定 出手 看看 应该 这么 冲动 起来 京东 笔记本 配置 有所 提升 性能 提升 同时 保证 非常 性价比 散热 优良 而且 完美 公司 同事 非常 满意 很大
",0,"0
","0
","0
","0
"
" 起来 键盘 绝对 舒服 不错 配置 大厂 做工 应该 如此 足够 满足 这个 家用 偶尔 做做 写写 代码 跑跑 仿真 屏美 散热 发现 什么 问题 问题 有些 电脑 还是 微热 没有 其他 本本 那么 电脑 别人 联想 东西 应该 问题 自己 家里 朋友 不过 自己 同一个 型号 反正 感觉 这个 散热 不错 还是 独立 显卡 外观 屏幕 配置 不错 一般 使用 起来 不错 还好 发现 亮点 拿到 时候 感觉 质量 想象 而且 挺轻 未必 优点 坏点 当然 重要 便宜 实惠 电脑 很漂亮 性能 不错 电脑 很漂亮 性能 不错 电脑 很漂亮 性能 不错 轻便 要是 没有 东西 还是 京东 周到
",0,"0
","0
","0
","0
"
" 没听到过 风扇 声音 小键盘 设计 还是 有意思 呵呵 一分钱 一分货 公司 公司 本本 这些 新人 配置 差不多 样式 喜欢 以前 那个 漂亮 数字 数字 数字 数字 双核 硬盘 摄像头 经济 实惠 分布 比较 合理 可以 安装 不错 轻巧 发热 原先 比较 冰箱 运转 声音 几乎 听不见 轻便 而且 样子 不错 速度 很快 内存 已经 装上 杀毒软件 用上 黑鼠 喜欢 不错 外观 不错 屏幕 显示 效果 清楚 屏幕 画面 送货 系统 还是 感觉不好 非常 麻烦 电脑 不是 了解 推荐 不要 自己 安装 本人 研究 终于 换成 非常 成就感 显示屏 没有 坏点 没有 亮点 京东 笔记本 完美 屏幕 键盘 很好 按键
",0,"0
","1
","1
","0
"
" 挺舒服 但是 空格键 有点 异样 声音 散热 机器 散热 键盘 上面 感觉 硬盘 下面 较热 光驱 读盘 能力 用来 D版 问题 屏幕 还要 颜色 鲜艳 真的 不错 摄像头 摄像头 清晰 配置 均衡 性能 强劲 做工 精致 散热 良好 配件 丰富 其中 还有 原装 鼠标垫 同事 满意 做工 不错 主要 价钱 实在 网上 笔记本 显卡 排行 还是 比较 于是 之前 独显 那款 摄像头 之前 看清楚 以为 此款 摄像头 回去 开满 电脑 不卡 显卡 不错 还有 上面 那个 声音 触摸 灵敏 反映 很爽 外观 蓝色 其实 本人 喜欢 只是 没有 遗憾 配置 相当 不错 满足 一般 家用 散热 可以 不会 明显
",0,"0
","0
","0
","0
"
" 感到 不适 有些 驱动 需到 官网 下载 安装 系统 顺利 正常 感觉 不错 无线 蓝牙 摄像头 基本功能 上网 足够 京东 省事 放心 送来 拆封 外观 同事 羡慕 性能 不错 配置 算是 差不多 配置 大型 网游 试验 因为 最近 关服 不到 别的 可以 试验 而且 信任 游戏 觉得 不会 失望 一直 信任 索尼 品质 想像 同价位 上网 模样 商务 气息 浓厚 性能 不错 挺值 键盘 比较 特别 苹果 下单 送来 想象 不错 上网 还好 配置 电池 够用 品牌 质量 保证 京东 东西 行货 发票 售后 保证 机子 配置 不错 散热 完美 屏幕 这个 重要 自提点 检测 算是 完美 方面 性能
",0,"0
","0
","0
","0
"
" 不错 没什么 不好 所以 改装 样子 还是 好看 网上 自己 搞定 分区 便宜 够用 活动 返现 还用 价格 满意 机器 京东 能够 上门 取件 不用 跑腿 购得 笔记本 具有 很高 性价比 不错 使用 速度 外观 漂亮 可爱 适合 女孩子 使用 而且 配置 初步 体验 感觉 舒服 速度 很快 键盘 触摸板 感觉 舒服 价格便宜 配置 配置 这个 价格 显得 不错 系统 很快 试玩 散热 什么 不错 性价比 机器 内存 起来 不慢 加上 面运 更加 优惠 别人 优点 机型 合适 散热 良好 几乎 无噪音 配置 强劲 键盘 手感 显卡 比较 配送 及时 自提 高性价比 相当 不错 有点 感觉 运行 稳定 质量
",0,"0
","0
","0
","0
"
" 保证 散热 到位 图片 好像 但是 实物 漂亮 有点像 商务 手感 不错 配置 均衡 家用 完全 老婆 这款 小巧 精致 适合 女性 携带 起来 很爽 而且 价格 公道 品牌 号召力 非常 联想 收购 部门 商务 研发 放在 品牌 专业 就是 昨天早上 速度 不错 坚持 送货 我验 完货 服务质量 不错 本本 看上去 不错 就是 看看 电影 打打 游戏 这样 配置 这样 价格 合适 功能齐全 外观 尚且 大气 可以 随心 安装 自己 喜欢 强大 做工 不错 技术 真是 不错 集成显卡 高清 问题 魔兽 世界 问题 极品飞车 没试 据说 效果 开会 流畅 干净 美丽 键盘 没有 传说 那么 很好 女生 选择 性价比
",0,"0
","0
","1
","0
"
" 很高 整体 看起来 比较 美观 运行 效率 想象 之中 这个 价位 带来 性能 不错 朋友 感觉 价格 京东 这么 夸张 确实 不贵 外观 配置 不错 硬盘 日立 听见 什么 异响 风扇 空调 开到 本子 外壳 所以 听见 笔记本 声音 知道 起来 啥样子 不怎么 笔记本 东西 照理说 风扇 如果 问题 电脑 可能 正常 启动 运转 小时 性价比 配置 可以 玩玩 终于 可以 抛弃 以前 电脑 性能 没得说 地球 知道 就是 呵呵 同学 东券 划算 高分 运气 不错 性能 知道 装个 游戏 外观 可以 方面 均衡 比较 键盘 手感 不错 重量 不算 反应 非常 不错 非常 不错 非常 不错 非常 不错
",0,"0
","0
","0
","0
"
" 非常 不错 非常 不错 非常 不错 非常 不错 非常 不错 非常 不错 看起来 很大 精美 有个 小键盘 输入 数字 方便 散热 笔记本 起来 原来 那个 没法儿 配置 相当 专业 娱乐 特别 旋转 触摸 耳目一新 还有 钛合金 外壳 键盘 国产 质量 突破 外观 时尚 价格 合适 本人 已经 黑色 这个 同事 购买 有点 网友 概括 差不多 不再 重复 烤漆 面板 相当 漂亮 各项 功能 齐全 满意 虽然 没有 试用 散热 性能 多媒体 触摸 按钮 新意 方便 操作 触摸板 灵敏 显存 对外 接大 显示器 高清 电视 很大 帮助 预装 系统 实惠 京东 速度 值得 信赖 东西 不错 性能 外观 可观 非常
",0,"0
","1
","1
","0
"
" 不错 只是 系统 时会 蓝屏 联想 网站 找到 解决办法 硬盘 东西 关掉 记得 什么 大家 网上 这块 牌子 联想 还是 依然 消费者 有着 强大 品牌效应 这个 牌子 足以 吸住 眼球 整体 配置 比较 合理 中规中矩 没有 凸显 特点 没什么 缺点 一般 移动 商务 可以 满足 玩游戏 同志 还是 移步 独显 商务 造型 沉稳 做工 精致 键盘 手感 不错 大小 适中 屏幕 工作 眼睛 配置 可圈可点 物流 速度 太慢 物流 速度 太慢 物流 速度 太慢 物流 速度 太慢 物流 速度 太慢 物流 速度 太慢 物流 速度 太慢 物流 速度 太慢 物流 速度 太慢 物流 速度 太慢 物流 速度 太慢 物流
",0,"0
","0
","0
","0
"
" 速度 太慢 物流 速度 太慢 物流 速度 太慢 物流 速度 太慢 物流 速度 太慢 物流 速度 太慢 物流 速度 太慢 物流 速度 太慢 物流 速度 太慢 物流 速度 太慢 那么 东西 还用 抢购 性价比 样子 可以 质量 质量 结实 巧合 尤其 适合 女孩子 散热 真的 不错 连续 小时 手感 只是 温温的 内置 软件 强大 首先 性价比 不错 收到 屏幕 没有 坏点 散热 底座 温度控制 平均 运行 程序 发热 各种 接口 比较 齐全 安装 系统 时候 如果 专业知识 安装 首先 开机 提示 进入 下面 模式 改成 接口 然后 启动 项目 改为 光驱 启动 删掉 预装 系统 安装 基本上 系统 安装
",0,"0
","0
","0
","0
"
" 不了 只能 安装盘 安装 性价比 双核 独立 显卡 屏幕 价格 没得说 散热 可以 运行 小时 魔兽 稍微 应该 硬盘 位置 有点 风扇 不过 因为 之前 联想 笔记本 所以 应该 不会 什么 问题 加上 那么 东西 投诉 内容 收到 发票 号码 上面 订单号 金额 但是 实际上 订单号 金额 应该 这样 财务 水准 是不是 有点 问题 汇款 货款 金额 发票 金额 不符 财务 没用 办法 入账 国际品牌 笔记本 键盘 打破 风格 外观设计 时尚 小黑 个性 电池 不错 正常 情况 可以 使用 小时 显示屏 不错 键盘 而且 右边 小键盘 输入 数字 方便快捷 价格 实在 惠普 机器 就是 系统 比较 麻烦 昆山 仁宝
",0,"0
","0
","0
","0
"
" 代工 没得 散热 可以 不能 超好 低价 表面 烤漆 工艺 整体 配置 不错 独显 带有 高清 接口 自带 喇叭 声音 不错 附送 鼠标 包包 屏幕 不错 色彩鲜艳 没有 发现 坏点 亮点 友达 面板 外观 独特 蓝色 烤漆 非常 时尚 杜比 音效 三星 内存 三星 刻录 西数 硬盘 网上 数码产品 害怕 旧货 收到 包装 完好 笔记本 封条 完好 正确 放心 性价比 超高 结实 稳定 安静 关键 大洋 入手 限时 限量 抢购 没人 超值 可惜 没货 想加 三星 内存 奶奶 涨到 后悔 出手 上网 基本 性能 这样 仅仅 用来 上网 聊天 以及 简单 办公 还是 不错 均衡 配置 做工 方面 这个
",0,"0
","0
","0
","0
"
" 适合 一般 只是 炒股 上网 聊天 男士 样子 比较 稳重 没有 性价比 比较突出 配置 小时 散热 满意 外型 时尚 小巧 大本 相比 移动性 实在 得意 得意 居然 完美 受不了 呵呵 太好了 人品 就是 金属 质感 不过 发现 不是 很大 初步 发现 有点 优惠 配置 相对 抢购 性价比 不过 降到 配置 均衡 外观 靓丽 做工 不错 自制 启动盘 安装 系统 小时 全部 完成 非常 顺利 满意 总体 感觉 不错 正版 系统 外观 漂亮 屏幕 清晰 散热 底座 杀毒软件 性价比 比较 特价 抢购 实惠 价格 外观设计 上档次 内外 黑色 钢琴漆 金属 暗纹 图片 漂亮 精致 优雅 个性 朋友 喜欢 性能 独显
",0,"0
","0
","0
","0
"
" 还有 那个 效果 超好 同事 镜子 一样 呵呵 而且 应该 比较 省电 电池 质量 不错 鼠标 包装盒 联想 原装 不是 配送 质量 手感 联想 做工 不错 确实 正品 专卖店 仿好 不错 电池 确实 耐用 虽然 不到 标称 小时 满意 待机时间 号称 小时 就是 这个 打算 便宜 主频 比较 小巧 白色 漂亮 关掉 蓝牙 摄像头 电池 可以 小时 不到 外观 漂亮 实体店 收到 时候 失望 不错 散热 还行 因为 散热器 没去 观察 精致 做工 虽然 比不上 但是 笔记本 上乘 而且 本本 性价比 比较 出色 同时 上面 那个 评论 系统 硬盘 隐藏 分区 里面 本本 自带 刻录 软件 可以 直接 出来
",0,"0
","0
","0
","0
"
" 操作 完全 傻瓜 级别 成本 无非 空盘 待机时间 小时 重量轻 出差 方便 这个 配置 基本 办公 听听 音乐 看看 电影 上网 基本 设备 摄像头 麦克风 喇叭 有线 无线 上网 蓝牙 够用 这个 价位 华硕 里面 配置 超值 外观 图片 漂亮 散热 不错 屏幕 以前 其他 牌子 电影 很爽 速度 挺快 订货 送货 人员 态度 特别 石景山区 顶多 一般 如果 推荐 联想 缺点 外壳 光滑 容易 划痕 键盘 难用 上个 华硕 没得 这款 机软件 方面 虽然 有点 欠缺 但是 打了个 电话 总部 立马 驱动 发到 邮箱 之后 发现 台机 好用 其它 方面 外观 时尚 大气 内存 完美 性价比 银子 不足
",0,"0
","0
","1
","0
"
" 朋友 很好 选择 但是 京东 客服 态度 服务 意识 还有 加强 实在 不敢恭维 还好 不是 他们 打交道 性价比 散热 底部 觉得 风扇 噪音 比较 加上 内存 挺快 上网 速度 原来 因为 还是 原来 宽带 那么 应该 本本 功劳 整体 外观 时尚 大方 钢琴 烤漆 主流 配置 内存 大大 提升 运行 速度 完美 亮度 节能 使用寿命 杜比 声音 效果 不错 整体 感觉 还行 性价比 毕竟 这个 价位 这样 机器 可以 刚刚 熟悉 朋友 急用 虽然 涨钱 还是 只好 可是 货刚 送到 马上 改成 内存 杀毒 鼠标 成心 本职工作 起来 还是 不错 待机时间 满意 系统 起来 有点 新鲜 做工 预期 一样
",0,"0
","0
","0
","0
"
" 样子 漂亮 配置 主流 性价比 D盘 驱动 联想 周到 广州 订货 非常 配件 齐全 操作系统 方面 没有 预装 不算 坏事 网上 有人 款用 芯片组 事实上 还是 想买 朋友 应该 放心 完美 还有 可以 放心 入手 运气 外观 好看 做工 扎实 屏幕 绚丽 立体声 喇叭 音质 超好 整机 发热量 运行 声音 自带 鸡肋 软件 配置 均衡 虽然 芯片组 怀疑 就是 热源 小可 容量 速度 外壳 色泽 光感 不错 准备 求婚 哥哥 不错 选择 本本 少有 独立 显卡 升级 内存 普通 游戏 问题 英雄 连等 需要 特效 关掉 不会 感觉 超值 性价比 做工 不错 音响 音质 不错 散热 还成 京东 自取
",0,"0
","0
","0
","0
"
" 挺快 定单 可以 自取 外置 光驱 速度 还是 可以 感觉 快点 漂亮 老婆 认为 性价比 电池 很棒 能用 小时 兼容性 拿到 直接 重装 基本 需要 任何 驱动 快捷键 订单 收到 真是 速度 先验 验货 载载 刷卡 呵呵 送货员 不让 但是 可以 理解 回家 打开 分区 表态 果然 见识 客服 电话 咨询 备份 安装 驱动 问题 客户 邮件 发到 邮箱 还有 各种 驱动 信息 注意事项 不错 不错 性能 配置 完全 满足 自己 需要 显示器 比较 增强 待机时间 光驱 方便 卸载 比较 人性化 优点 而且 分区 可以 分区 软件 改变 遥控器 设计 新奇 可以 控制 播放 可以 电影 完美 性价比 订单
",0,"0
","0
","0
","0
"
" 拿到 不到 小时 真是 神速 抢到 这个 配置 这个 价格 真的 合算 键盘 手感 外观 漂亮 重量 合适 送货 相当 订单 送到 朋友 配置 机子 超值 全民 代工 前提 方向 希望 制造商 华硕 其他 公司 知道 哪里 控制 优化 系统 安装 没有 那么 麻烦 驱动 传说 可以 直接 使用 试试看 性价比 不错 性价比 收购 康柏 低端 娱乐 路线 独显 不错 触摸屏 一体 成形 比较 喜欢 京东 服务 可以 但是 京东 配套 物流 真的 一般 要发 电子产品 天品 保期 才能 手中 牌子 时间 其它 没什么 一般 普通 本本 这些 功能 别的 网站 同样 型号 只要 知道 是不是 行货 还是 同志
",0,"0
","0
","0
","0
"
" 无情 忽悠 本人 只能 无语 只有 认命 静音 音箱 效果 独显 这个 价格 还算 凑合 学生 普通 从业者 足够 只要 不是 什么 发烧 影音 或者 外观 键盘 触感 要求 太过分 足够 低价位 电脑 性价比 不足 键盘 不是 满意 如果 用惯 尤其 适应 常用 可能 不会 在意 某些 国产 品牌 还是 外观 有够 很漂亮 看着 舒心 爱不释手 悬浮 手感 不错 性价比 其他 牌子 本本 那一 不用说 强力 推荐 外型 时尚 拿到 感觉 总体 满意 很快 重装 系统 内存 相当 顺手 性价比 外观 还是 看看 价格 毕竟 机器 同样 配置 机器 早就 超出 购机 预算 老祖宗 一分钱 一分货 只要 东西 皮实
",0,"0
","0
","1
","0
"
" 出现 什么 问题 对得起 这个 价格 外观设计 还是 非常 与众不同 机身 中央 镶嵌 设计 有点 小资 情调 配合 机身 润泽 钢琴 烤漆 整体 外观 细腻 精巧 爱不释手 收到 包装 完好 笔记本 封条 完好 性价比 驱动 包含 所有 必备 驱动 方便 最大 优点 就是 电池 待机时间 相对来说 比较 做工 精致 很小 轻便 携带方便 风扇 声音 很小 功能 比较 齐全 速度 其他 上网 横向 比较 相对 性价比 不错 降价 笔记本 外观 感觉 漂亮 分量 不算 安装 系统 运行 速度 挺快 发热量 没有 想象 那么 可能 尚未 运行 资源 程序 没有 感到 内存 弊病 不过 内存 确实 有点 附赠 不错 手感 但是
",0,"0
","0
","1
","0
"
" 附赠 鼠标 实在 太小 幸好 同时 双飞燕 鼠标 外观 漂亮 配置 不错 性价比 京东 保证 没有 拆封 检查 了下 全新 机器 整体 性能 比较 均衡 音响 不错 外观 漂亮 键盘 手感 播放 高清 片花 流畅 性价比 还好 看过 好像 降价 不过 这里 这么 东西 还好 电池 时间 普通 使用 小时 问题 省点 可以 小时 喜欢 键盘 比较 舒服 屏幕 亮度 不错 屏幕 确实 感觉 不错 打游戏 感觉 很爽 散热 可以 不是 散热 声音 中关村 鼎好 海龙 这里 价格比 他们 便宜 外观 确实 很漂亮 做工 手感 性价比 如果 不用 无线 网卡 这样 触摸板 温度 降低 携带 方便 键盘 很好 手感
",0,"0
","0
","0
","0
"
" 不错 原来 笔记本 强多 就是 哪个 品牌 取代 便宜 这个 配置 之后 觉得 非常 不错 速度 挺快 散热 什么 不错 键盘 起来 自己 本子 舒服 本子 老爸 老公 之后 想要 优点 不用说 穷人 价格 吸引 因素 缺点 拿到 发现 风扇 发出 尖锐 高频 声音 安静 时候 不爽 一气之下 应该 装配 问题 风扇 运转 安静 其他 地方 发生 共振 摩擦 新装 底部 外壳 按的 时候 发生 声音 仔细观察 底壳 板子 边缘 产生 稍微 处理 接触 部位 解决 外观 时尚 配置 感觉 比较 调制解调器 虽然 机会 但是 偶尔 需要 传真 好用 虽然 光屏 看不出 色彩 比较 提货 工作人员 居然 没有 技术人员
",0,"0
","0
","0
","0
"
" 自己 拆机 验机 过问 简单 问题 没人 可以 回答 拿来 连接 电视 解析度 吻合 性价比 无线 网卡 手动 开关 人性化 设计 扎实 配置 不错 不到 可以 双核 独显 性价比 测试 完美 运气 不错 白色 钢琴 烤漆 很漂亮 声音 效果 很棒 用来 上上网 文字 办公 看看 电影 只要 超级 大片 完全 够用 关键 便捷性 做工 中部 滚轴 呼吸 悬浮式 键盘 亮点 性价比 本本 配置 合理 功能齐全 红色 好看 键盘 弹性 手感 价格 不错 没有 发现 亮点 暗点 京东 送货 够快 机子 自己 选的 看中 就是 性价比 拿到 发现 想象 更好 京东 送货 及时 非常 不错 内存 不错 居然 样子 有点
",0,"0
","0
","1
","0
"
" 摄像头 麦克风 配置 比较 齐全 很漂亮 完美 外观 不错 接口 丰富 奥特 兰星 效果 不错 独显 不错 外观 时尚 亮丽 精致 无可挑剔 系统 软件 喜欢 可以 自己 剪辑 视频 电影 还有 功能 有待 发现 轻薄 强劲 附送 内存 可以 犹豫 不要 准备 蓝牙 模块 装上去 还是 过保 再说 屏幕 没有 坏点 暗点 这个 比较 不错 配置 性价比 使用 已有 基本 正常 屏幕 颜色 键盘 手感 价格 相当 实惠 硬盘 声音 发热 可以 性价比 上网 外表 美观 起来 系统 不怎么 于是 上门服务 重装 系统 一键 恢复 速度 还是 比较 毕竟 而且 正版 系统 很爽 色彩 清晰度 满意 硬盘 速度 超级
",0,"0
","0
","0
","0
"
" 笔记本 不用 以前 那样 开机 小心 桌子 不敢 随意 移动 可以 到处 不用 担心 硬盘 震动 导致 硬盘 故障 全铝 外壳 漂亮 不留 指纹 小巧 轻便 性价比 突出 礼品 比较 实用 当然 瑞星 以外 产品 外观 漂亮 性能 不错 内存 系统 起来 不错 屏幕 到手 没有 任何 催促 可以 非常 感谢 机器 外观 不错 干净 整洁 手感 完美 音响效果 相当 性价比 相当 不错 以内 本本 觉得 相当 对比 那款 这款 最后 看中 质保 系统 反映 系统 建议 大家 深度 版本 自带 驱动 所以 时候 不用 设置 散热 问题 系统 一直 连续 开机 小时 个人感觉 比较 地方 就是 触摸板 但是
",0,"0
","0
","0
","0
"
" 绝对 没有 达到 烫手 地步 所以 个人感觉 散热 不能 说好 但是 绝不 而且 独显 笔记本 肯定 想不热就多 小黑 用户 虽然 有个 标记 所有 设计 用料 一贯作风 屏幕 不错 没有 坏点 键盘 舒服 机器 光盘 驱动 京东 发货 活动 时候 价格合理 内存 运行 良好 喜欢 简洁 稳重 外观 稳定 性能 便宜 外观 尚可 电池 续航 时间 支持 蓝牙 相对 其他 品牌 同价位 配置 已经 相当 不错 相当 性价比 极力推荐 不管 方面 硬件 没有 问题 一般 绝对 够用 模具 结实 屏幕 没有 亮点 散热 价格 便宜 独立 显卡 不错 散热 开机 感觉 不到 什么 热量 同事 惠普 已经 烫手 屏幕 上网
",0,"0
","0
","1
","0
"
" 有个 小灯 关灯 使用 电脑 时候 感觉 小黑 运行 稳定 出过 什么 问题 没有 出现 任何 问题 还是 相当 满意 京东 送货 速度 以前 下单 好像 京东 自己 送货员 屏幕 完美 色彩 稍差 手上 没有 分数 运算 成绩 音响 声音 一般 音量 足够 键盘 键程 可以 方向键 缩小 游戏 不爽 机器 散热 不错 掌托 温度 不会 影响 操作 另外 机器 华硕 显示屏 下方 不过 这里 非常 知道 为什么 性价比 服务态度 可以 摄像头 相素 一般 万相素 这款 相素 包是 原装 比较 喜欢 帮别人 配置 还好 可以 游戏 这边 市场 便宜 东西 不错 外观 速度 价格低 送货 送货员 态度 极好 那么
",0,"0
","0
","0
","0
"
" 包装 再次 感谢 不错 显卡 升级 盖子 钢琴漆 可以 镜子 送货 速度 外观 比较 好看 发现 什么 问题 自带 软件 实用 性价比 超高 虽然 系统 但是 本本 配件 驱动 齐全 驱动 简直 奇迹 外型 漂亮 漂亮 漂亮 漂亮 噪音 几乎 噪音 键盘 超好 舒服 散热 电池 时间 真的 视频 效果 喜欢 喜欢 兼容 手动 安装 驱动 兼容 建议 支持 开关 蓝牙 无线 摄像头 同类 笔记本 算是 配置 比较 实用 外观 简洁 大方 高清 接口 测试 内存 速度 可以 人性 设计 买来 系统 备份 如果 系统 问题 随时 自己 安装 正版 发现 华硕 无线 网卡 真的 收到 外楼 线路 信号
",0,"0
","0
","1
","0
"
" 联想 惠普 戴尔 信号 本子 散热 太好了 惠普 性能 没的说 附件 丰富 屏幕 清洁 电缆 其他 品牌 细心 比较 适合 威猛 男士 红色 触控 多媒体 看上去 很漂亮 东西 觉得 明显 发热 不错 本子 不错 觉得 实惠 做工 不错 同事 一共 粉色 好看 使用 发现 有点 起来 本店 东西 发货 及时 发现 什么 质量 问题 线路 用用 感受 自己 可以 鸡蛋 身边 朋友 东芝 耐造 散热 优点 不错 挺好用 就是 以为 繁冗 装机 程序 省掉 开机 能用 贴心 预装 飞信 实用软件 外观 简洁 漂亮 重量 比较 配置 大学生 而言 绝对 够用 散热 自己 外观 大气 配置 整体 设计 比较 合理
",0,"0
","0
","0
","0
"
" 性价比 特别 适用 男士 使用 轻便 小巧 做工 优秀 运算 速度 符合 品牌 形像 细节 考虑 周到 散热 风扇 声音 很小 价格 可以 喜欢 小黑 外观 没想到 抢购 送货 这么 本本 很漂亮 很慢 没换 系统 知道 驱动 好不好 价格 比较 合适 送货 及时 选该 理由 非常简单 性价比 价格 同价位 配置 佼佼者 直接 内存 永恒 之塔 特效 全开 流畅 订单 早就 收到 电脑城 系统 再加 内存条 所有人 只是 手脚 比较 知道 经摔 不经 做工 比较 精细 外形 时尚 轻薄 启动 速度 比较 上网 速度 很快 空间 足够 一般性 软件 使用 完全 实用 性价比 性价比 超强 本子 起来 方便 分区 已经
",0,"0
","0
","0
","0
"
" 另外 驱动 分区 装机 朋友 不用 担心 推荐 购买 低端 差不多 内存 三星 注意 时尚 美观 性价比 不错 这个 价位 我们 不能 要求 烤机 测试 下载 操作系统 地址 一般 安装盘 不行 论坛 系统 性价比 硬盘 卖掉 普通 硬盘 上网 不到 外观 漂亮 全铝 机身 以为 这个 价格 本子 做工 不会 哪里 到手 做工 真不错 至少 性能 过得去 做工 扎实 按键 设计 人性化 散热 带有 正版 系统 有点 名正言顺 感觉 完美 镜面 这款 带有 麦克风 好像 参数 没写 有点 惊喜 解压 系统 很快 加装 内存 方便 螺丝 下后 可以 说明书 图解 京东 送到 赠品 原装 包包 喜欢 拥有 这么 设计
",0,"0
","0
","0
","0
"
" 人性化 包包 三星 内存条 容易 安装 弥补 本本 内存 缺陷 小黑 鼠标 可爱 联想 这款 电脑 做工 优秀 功能齐全 屏幕 英特尔 无线 网卡 超值 自己 系统 容易 电脑 装个 难得 要命 上网 不错 关键 待机时间 小时 以上 其他 品牌 相比 具有 很大 比较 优势 尤其 散热 静音 更是 其他 品牌 无法 企及 突出 性价比 非常 开始 有些 担心 发现 内存 搭配 性能 不错 起码 非常 优秀 很大 硬盘 喜欢 机器 时候 抢购 运气 这个 价格 还有 什么 品牌 价格 不错 暂时 没有 问题 分区 最好 重新 建立 直接 删除 分区 出现 提示 这个 真的 不好 这个 价位 配置 已经
",0,"0
","0
","0
","0
"
" 不错 价格 挺惠 并且 品牌 日常 办公 没有 问题 性价比 机器 做工 大方 合金 托板 驱动程序 好找 就是 系统 很漂亮 本本 实用 运行 速度 很快 颜色 非常 好看 超级 喜欢 小巧 做工 真的 键盘 不错 敲击 感觉 喜欢 同学 重装系统 争取 双系统 性价比 散热 相当 出色 读盘 噪声 只是 相对 静音 可以 接受 网上 查询 所有 相关 资料 配置 不错 流行 配置 排名 性价比 速度 不错 测试 魔兽 单机 功能齐全 以下 应该 性价比 相当 小时 系统 开始 有人 留言 这种 不要 说来 误解 别人 开始 看中 结果 排除 缺货 性能 不错 价格 最后 购买 这款 本本 表面 钢琴 烤漆
",0,"0
","0
","0
","0
"
" 很漂亮 处理器 性能 不错 无亮点 放心 电池 强劲 虽然 没有 达到 小时 初次 使用 觉得 小时 应该 键盘 舒服 尺寸 大小 合适 时候 看着 灰色 回复 时候 没有 黑色 到货 时候 发现 图片 一样 不过 就是 想要 这个 屏幕 完美 弧形 键盘 喜欢 散热 可以 声音 不大 自带 系统 还是 应该 希望 别人 不要 不错 东西 回来 感觉 就是 东西 包装 正规 没有 拆封 打开 外层 纸箱 里面 精美 包装 拿出 电脑 真是 想象 东西 很漂亮 大厂 风范 中规中矩 气派 张扬 自己 内存 安装 深度 系统 小时 全部 搞定 家里 这个 本本 已有 感觉 差不多 样子 不错 还是 配置
",0,"0
","0
","1
","0
"
" 超强 各种 功能 一应俱全 重量 只有 携带方便 原装 质量上乘 这款 电脑 自提点 打开 发现 键盘 已经 有个 按键 提点 不管 联系 退换货 部门 退换货 部门 键盘 不管 退换 惠普 自己 更换 键盘 京东 东西 出现 问题 就要 修理 他们 责任 一干二净 除非 出具 惠普 质检 报告 他们 受理 拿到 性价比 键盘 还是 用着 舒服 散热 效果 不错 运行 速度 很快 外观 漂亮 屏幕 电影 不错 内存 键盘 键盘 世界 公认 手感 质量 最好 硬盘 一般 下载 格式 电影 电影 这个 硬盘 电影 绰绰有余 双核 主频 虽然 比较 低端 赛扬 但是 只要 不是 运算 大型 专业 软件 什么 奔腾 差距
",0,"0
","0
","1
","0
"
" 基本 区分 出来 价格比 市场 上要 便宜 外观 大气 颜色 大气 比较 商务 喜欢 大家 驱动 问题 可以 惠普 官方网站 找到 小时 搞定 换成 系统 外壳 漂亮 而且 实物 介绍 价格 实惠 高清 接口 上周五 支票 京东 没拿到 东西 赠送 增加 鼠标 杀毒软件 估计 便宜 做工 外观 漂亮 配置 电池 待机时间 喜欢 可惜 自己 其他 妹妹 差点 不想 外观 不错 速度 可以 买回来 重装系统 连续 下载 正常 不错 上网 外形 很漂亮 操作系统 应该 很大 卖点 电池 可以 整体 作为 上网 定位 还是 不错 便携 配置 主流 做工 不错 档次 本本 一直 喜欢 终于 到手 喜欢 而且 赠品 比较 超值
",0,"0
","0
","0
","0
"
" 内存 硬盘 应用 本本 不然 自己 系统 没有 传说 那么 不好 个别 设计 不错 散热 性能 稳定 但是 系统 比较 麻烦 电脑 这个 系统 到货 满意 这个 笔记本 感谢 京东 感谢 其中 话务员 询问 运货 情况 打电话 回复 正品 包装 没有 开封 手机 包装 打开 运行 速度 散热 包包 内存条 附送 内存条 运行 速度 东西 就是 这个 样子 换换 意想不到 结果 驱动 这里 外观 可以 其实 不如 性价比 女孩 喜欢 这个 颜色 办法 速度 可以 独显 应付 一般 游戏 高清 视频 完全 问题 就是 太重 一样 样子 美观 配置 这个 价位 比较 个人 觉得 比较 商务 蓝牙 指纹 什么
",0,"0
","0
","1
","0
"
" 高端 商务 配置 对比 好长时间 选择 这款 配置 还是 不错 做工 精致 外观 全黑 很漂亮 赠品 不错 摄像头 清晰 奥特 蓝星 音质 性价比 屏幕 不错 没有 坏点 亮点 这个 价格 配置 一般 毫无 问题 如果 没有 记错 质保 这种 价格 质保 划算 居然 尺寸 键盘 有些 惊喜 不过 由于 数字键 键盘 布局 拥挤 蓝牙 摄像头 读卡器 还有 插口 扩展 内存 硬盘 标准 分辨率 真是 京东 上门 自提 服务 配货 速度 不错 原装 开封 机器 满意 性价比 不错 外形 满意 外观 时尚 键盘 还是 巧克力 苹果 那种 键帽 金属外壳 比较 上档次 携带方便 还有 正版 系统盘 马上 感到 放心 细致 小巧
",0,"0
","0
","0
","0
"
" 适合 女士 价钱 还是 有点 基本 功能 配有 鼠标 包包 真是 欣慰 外观 不错 比较 喜欢 整体 黑色 本本 所以 对此 非常 满意 另外 本本 整体 感觉 本本 结实 这个 机器 同等 品牌 同等 价位 情况 配置 性价比 很高 尤其 显卡 还有 原装 包和 鼠标 意外 配置 高端 同时 运行 没有 感到 运行 缓慢 机器运行 状态 有些 电源 白色 指示灯 很漂亮 内置 话筒 摄像头 视频 比较 方便 人性化 设置 比较 开机 状态 电源 插入 拔出 时候 警告声 易于控制 工作 时间 静音 快捷 导航键 还是 比较 出色 方面 设计 发热量 一般 电源 模式 送货 速度 服务 圆通 快递 送货 很快
",0,"0
","0
","1
","0
"
" 服务 不错 家里 家人 满意 外观 看着 图片 漂亮 配置 不错 性价比 没有 拆封 检查 了下 全新 机器 操作系统 配置 可以 性能 算是 稳定 游戏 问题 运行 安静 但是 散热 不好 质量 知道 好不好 因为 没用 多长时间 路遥知马力 呵呵 同事 价格便宜 配置 不错 感悟 自己 总是 迷信 外国 牌子 是不是 明智 就是 基本 硬件 配置 均衡 镜面 考漆 不错 小黑 喜欢 关注 本本 看中 够用 外观 漂亮 配置 价格 可以 接受 不过 有点 外形 不错 接口 基本 满意 屏幕 整体 配置 入门 机器 范围 还是 属于 较好 发热量 自己 还是 能够 接受 但是 还是 散热器 配置 价格 实惠 鼠标
",0,"0
","0
","0
","0
"
" 鼠标 精美 屏幕 主要 视角 较大 摄像头 虽然 只有 效果 很棒 无线 网卡 接收 信号 强劲 房间 网卡 电脑 信号 网卡 信号 商务 笔记本 全黑 镁铝合金 外壳 很大 感觉 无论 商用 办公 家用 可以 配置 方面 显卡 集成 其它 配置 主流 当然 集成 显卡 很强 魔兽 游戏 游忍 有余 优点 待机时间 键盘 手感 不错 无线 网卡 速度 蓝牙 整体 感觉 不错 送货 算是 优点 京东 上买 东西 感觉 受骗 一样 京东 号称 活动 返券 结果 不能 提示 只能 消费 才能 上了贼船 一样 品质 服务 不错 而且 本品 超值 样子 漂亮 基本 性能 只要 游戏 全能 应付 外观 漂亮 喜欢
",0,"0
","0
","0
","0
"
" 外壳 质感 不是 烤漆 讨厌 漆面 容易 刚定 起来 舒服 暂时 没有 其他 缺点 样子 好看 性价比 不错 皮实 感觉 驱动 其实 网卡 有点 外观 时尚 精致 显示屏 旋转 手写 感觉 很酷 迷你 遥控器 操作 方便 配置 满足 办公 娱乐 需求 功能 比较 强大 甚为 强大 上网 而且 总结 以下几点 电池 续航 能力 无线 一般 麦克风 蓝牙 摄像头 包装箱 里头 配有 内胆 机布 电源适配器 小巧 带有 绑带 总体 性价比 比较 喜欢 感觉 硬盘 够用 配置 公司 同事 满意 平心而论 这个 价格 这个 做工 东西 不错 样子 干练 拿来 商务 不错 外形 漂亮 虽然 容易 手印 还是 很漂亮 电池 续航
",0,"0
","0
","0
","0
"
" 时间 其他 同类 小本 比要 分区 出现 拒绝 访问 怎么 分都 不行 请求 帮助 内存条 怎么 安装 应该 不能自己 擅自 安装 漂亮 外形 喜欢 办公室 觉得 噪音控制 很好 基本 听不见 知道 如何 内置 软件 而且 华硕 电话 服务 没得说 不错 不错 由于 网卡 升级 问题 小时 电话 不烦 性价比 不错 设计 比较 漂亮 外观 不错 东西 瑞星 改成 别的 元券 入手 价格 而言 无敌 当然 要是 入手 价格 没有 优势 产品 秉承 华硕 品质 方面 做工 优于 为什么 微星 比较 因为 之前 微星 应该 具有 发言权 电池 更是 达到 难以想象 八小时 以上 作为 上网 基本上 可以 横扫 其他 品牌
",0,"0
","0
","0
","0
"
" 性价比 超乎 想象 外观 重点 的确 好看 有点 风格 不过 拿到 机器 上面 知道 什么 还好 擦掉 而且 郁闷 这款 显卡 评分 竟然 知道 可是 顶配 那款 那款 郁闷 女友 满意 看着 觉得 不错 及时 郁闷 做工 出色 性价比 配置 实用 键盘 设计 屏幕 色彩 外观 模具 非常 对得起 这个 价钱 价格便宜 品行 不错 不错 这个 电脑 每天 关注 京东 总算 抢到 朋友 喜欢 品牌 价格 不错 上盖 做工 材料 不错 散热 无线 信号 不错 联想 免激活 虚拟内存 速度 比较满意 键盘 防水 导流 镜面 效果 不错 声音 特别 喜欢 屏幕 前面 网罩 同事 前段时间 没有 套装 套装 只是 申请
",0,"0
","0
","0
","0
"
" 价格 保护 客服 耐心 虽然 这个 机子 系统 声卡 部分 比较 麻烦 不过 这个 问题 网上 已经 有人 提供 解决 方法 拿到 折腾 所有 防护 软件 备份 运行 程序 接受 外观 键盘 时尚 待机时间 高于 同类产品 听说 华硕 电池 还是 不错 套装 买好 之后 基本上 其他 配置 可以 不用 添加 性价比 屏幕 相当 功耗 效果 内存 虽然 没什么 蓝牙 虽然 不值 机子 比较 钢琴 烤漆 外壳 水纹 肌理 感觉 不错 笔记本 配置 不错 合理 搭配 物有所值 自己 系统 没有 预装 操作系统 省钱 独显 玩游戏 挺爽 安装 系统 简单 这个 配置 价位 真的 合适 完全 够用 而且 小黑 质量 非常
",0,"0
","0
","1
","0
"
" 不错 本子 不错 价格便宜 发热 功能齐全 完全 满足 家庭 娱乐 普通 用处 性价比 小巧 时尚 要是 黑色 同事 别人 比较满意 顶盖 采用 镁铝合金 材质 蓝黑色 喷漆 外观 显得 简约 大方 整体 造型 相当 稳重 方正 蓝色 黑色 搭配 相当 稳重 键盘 手感 不错 屏幕显示 可以 外壳 看着 好看 散热 噪音 全黑 外观 适合 男人 看着 质感 做工 还是 不错 键盘 电池 风扇 这些 满意 电脑 优点 在于 持续时间 长久 电池 正常 使用 小时 足够 电脑 显示 很棒 隔壁 收件 不到 小时 显卡 配置 适合 入门 作图 商务 比较 皮实 价钱 比起 其他 配置 实惠 不少 预装 没有 同类 定们
",0,"0
","0
","1
","0
"
" 价位 勉强 可以 接受 整体 谈不上 精致 粗糙 过得去 性能 不错 满足 日常 需求 特别 喜欢 造型 大屏幕 看起来 很爽 杜比 音响效果 支持 联想 电池 续航 不错 股票 上班时间 可以 一直 用到 回家 不错 小时 小时 经典 设计 便宜 价钱 差不多 配置 够用 东西 实在 配置 不算 价格 不算 样子 难看 系统 厚道 妹妹 具体 知道 先用 起来 不行 硬件 够用 显卡 可以 一般 够用 速度 不错 不错 朋友 提货 看到 朋友 颜色 漂亮 自己 觉得 外壳 有点 土土 但是 里面 有点 渐变 感觉 不错 键盘 手感 完美 送货 速度 不错 老爸 不换 起来 觉得 键盘 手感 不错 按键
",0,"0
","0
","1
","0
"
" 很大 挺舒服 风扇 声音 基本 可以 忽略不计 散热 不错 虽然 但是 东东 超值 游戏 日常 使用 这个 配置 不错 键盘 比较 舒服 系统 还是 比较 方便 光驱 启动 装完 系统 驱动 改回 虽然 但是 这个 手用 起来 键盘 手感 可以 媲美 电池 真的 很猛 做工 非常 发热 控制 非常 朋友 朋友 机子 可以 就是 系统 有点 麻烦 入手 东西 实惠 清楚 初步 感觉 不错 配置 比较 超值 发热量 我用 联想 待机 最高 最高 风扇 声音 不大 而且 经常 高速运转 以内 机器 没见 电视 播放 基本 流畅 占用率 超过 做工 说不上 精细 没什么 发现 什么 缺陷 操作系统 安装 顺利 附带
",0,"0
","0
","1
","0
"
" 驱动 漂亮 质量 不错 发热量 好像 因为 有个 强大 显卡 并且 显示 效果 完美 京东 东西 满意 下单 提货 小时 之内 完成 京东 速度 满意 京东 东西 总体 满意 京东 提货 工作人员 着装 有待 提高 机器 很好 任何 问题 目前为止 整个 安装时间 小时 碰到 任何 问题 意外 产品 定位 主流 娱乐 笔记本 联想 收购 越发 设计 能力 越来越 强悍 档次 基本上 没有 联想 这个 笔记本 外观 不错 性能 还算 主流 设计 比较 人性化 唯一 不足 采用 奔腾 双核 不是 双核 配置 一流 拷贝 文件 台机 只要 搞掂 散热 风扇 够静 外观 漂亮 屏幕 好看 显卡 不是 一般 强大 很爽
",0,"0
","0
","0
","0
"
" 赶上 店庆 礼物 本子 质量 不错 安装 顺利 平常 办公 用用 方便 配置 合理 赠品 丰厚 品牌 值得 信赖 赠送 内存 起来 速度 还是 不错 价格便宜 配置 过得去 外观 好看 这么 长时间 中规中矩 升级 内存 系统 初级 升级 旗舰版 系统 刷刷 散热 外观 启动 程序 掉价 东西 电池 果然 待机 小时 以上 使用 小时 难得 做工 精细 电池 外观设计 合理 键盘 打字 比较 顺畅 也许 因为 本人 手小 麦克风 收音 不错 所谓 以外 功能 比较 齐全 即使 品质 一般 至少 具备 作为 电脑 职能 便携 够用 当然 光驱 除外 游戏 免谈 问题 正好 可以 限制 自己 上网 时间 优点
",0,"0
","0
","0
","0
"
" 整体 性能 还是 不错 如果 还有 内存 顺便 内存 可以 升级 升级 做功 不错 比较 轻便 音量 响亮 音质 其它 重量 容易 指纹 不是 什么 问题 配置 可以 虽然 显卡 瓶颈 评分 不过 性价比 值得 电影 很爽 音质 可以 这个 满意 系统 起来 速度 可以 考虑 升级成 旗舰版 钢琴 烤漆 流线 机身 非常 漂亮 几乎 没有 噪音 本人 认为 散热 不错 性价比 质量 不错 安装 系统 没有 碰到 什么 难点 驱动 管网 可以 小时 搞定 酷冷 底座 不太好 轻巧 外观 图片 一样 喜欢 带电 时间 实际 运行 检验 小时 还是 立体 音效 非常 不错 蓝牙 功能 手机 连接 比较
",0,"0
","0
","1
","0
"
" 方便 外观 漂亮 磨砂 键盘 手感 舒服 配置 还有 高清 接口 不仅 华硕 鼠标 希望 京东 能够 标明 下带 东西 知道 鼠标 那个 鼠标 预装 不是 客服 打电话 不能 操作系统 保修 这样 道理 散热 控制 不错 魔兽 世界 起来 就是 画面 有点 显存 怎么 这么 不错 奶牛 做工 确实 相对 这个 价位 这个 做工 这个 配置 已经 超值 屏幕 三星 高亮 不错 光驱 竟然 支持 光雕 呵呵 显卡 硬件 支持 高清 价格 不算 便宜 但是 三星 内存 原装 鼠标 比较 之下 还有 价格优势 外观 时尚 使用 开机 工作 测试 正常 使用 没有 出现 问题 已经 估计 不会 问题 呵呵
",0,"0
","0
","1
","0
"
" 送货 差不多 到货 而且 赶上 这次 送包 抵价 不错 不错 性价比 相当 配置 均衡 尤其 显卡 很大 吸引力 基本上 需要 升级 个人 认为 内存 足够 并且 这款 独立 显卡 所以 不会 占用 系统 内存 显存 不到 前两天 觉得 起来 非常 眼睛 无意间 发现 原来 屏幕 特别 厉害 就是 以为 眼睛 朋友 见证 厉害 这样 太伤 眼睛 其实 时候 起来 所以 男朋友 作为 生日礼物 可是 这么 不好 需要 解释 性价比 没的说 看中 牌子 这样 性价比 难得 本本 我用 最多 感觉 最好 本本 其他 厂商 用坏 不少 老款 还有 基本 垃圾 购买 主要 还是 品牌 以后 不会 购买 其他 品牌 本本
",0,"0
","0
","1
","0
"
" 优点 赘述 主要 速度 制作 工艺 坚固 品牌 偏好 做工 音质 特别 突出 触摸式 音量 调节 非常 没想到 这个 价格 买到 这样 产品 出来 降价 我们 不过 提前 享受 全新 行货 机子 出厂 配置 合理 性能 突出 做工 另外 赞赞 京东 送货 那个 散热 非常 正常 情况 开机 散热 非常 同事 惠普 没有 运行 大型 程序 运气 非常 完美 没有 亮点 暗点 坏点 声音 不错 尽管 有点 但是 其他人 那么 总体 不错 日立 硬盘 光驱 运行 没有 出现 其他人 所说 不能 读盘 声音 很大 东西 喜欢 手感 不错 送货 很快 下单 手上 小时 不到 散热 不错 性价比 比较 优势
",0,"0
","0
","1
","0
"
" 整体 质量 可以 屏幕 坏点 扬声器 用过 所有 笔记本 只有 温度 可以 接受 连续 使用 小时 以后 键盘 表面温度 开始 一样 外观 讨人喜欢 钢琴 烤漆 预装 系统 双核 处理器 硬盘 够用 配备 网络 摄像头 屏幕 不错 比起 惠普 亮丽 比较 轻便 散热 不错 喇叭 不错 电池 能够 小时 已经 不错 性价比 屏幕 分辨率 独显 适合 速度 够快 没什么 问题 使用 非常 正常 完美 价格 实惠 性价比 比较 完美 运气 不错 电池 续航 能力 可以 小时 屏幕 不错 怕麻烦 直接 系统 不错 电池 小时 节电 模式 可以 体积小 携带方便 发热量 电池 待机时间 一般 笔记本 广告 时间 小时 屏幕 完美 性能
",0,"0
","0
","0
","0
"
" 价格 便宜 完全 可以 取代 台式机 收到 时候 价格 变成 赠送 杀毒 光盘 然后 因为 增加 赠品 原因 无法 申请 价格 保护 明显 京东 逃避 价格 保护 手段 不爽 外观 好看 样子 小巧 键盘 没有 想象 起来 舒服 适合 女孩子 外观 不错 快递 沟通 比较 及时 测试 游戏 正常 使用 硬盘 声音 不算 发热量 凑合 拿在手上 感觉 轻便 发热量 材质 感觉 舒服 键盘 舒服 键盘 实用 暂时 想到 这么 以后 再加 便宜 经济 实惠 开始 待机时间 超长 可能 专门 电源 管理模式 软件 有关 外观 很漂亮 键盘 很漂亮 屏幕 虽然 鲜亮 但是 亮点 唯一 失眠 纠结 驱动 真难 收到 本本
",0,"0
","0
","0
","0
"
" 电脑高手 朋友 叫来 测试软件 温度 屏幕 亮点 测试 得出 结论 性价比 不错 本本 心中 窃喜 价格 相对 其它 品牌 有点 华硕 金漆 招牌 还是 值得 总体 质量 过关 速度 可以 电池 续航 能力 正常 使用 小时 问题 键盘 大字 时候 感觉 不错 随机 软件 功能 各种 功能 小巧 漂亮 功能齐全 携带方便 电池 续航 能力 虽然 没有 达到 官方 所说 小时 作工 精致 价格 厚道 驱动 搞定 问题 可以 加群 咨询 高手 朋友 价钱 便宜 样子 漂亮 尽管 设计 样子 精致 轻薄 不想 以前 那样 看着 笨重 下面 开了个 散热 散热 不过 硬盘 散热 整机 硬盘 朋友 双系统 挺快 这个
",0,"0
","0
","1
","0
"
" 价钱 这个 配置 值得 价廉 可以 拿到 感觉 总体 可以 那个 无线网络 价格便宜 体积小 重量轻 质量 一般 不过 一分钱 一分货 配置 还成 散热 效果 不错 功耗 配置 运行 声音 很小 屏幕 挺舒服 键盘 不错 赠送 有点 音响效果 不错 配置 就是 有点 开车 还行 公交 地铁 比较 难过 硬件 配置 上网 算是 最高 电池 强悍 黑色 烤漆 外壳 漂亮 包装箱 居然 提供 系统 硬件 驱动 窃喜 金属 质感 拉丝 表面 完美 键盘 按键 舒适 可以 还有 可以 电视机 做工 精细 出去 贴膜 时候 连卖 电脑 做工 鼠标 很好 需要 鼠标垫 以前 联想 电脑 随即 鼠标 没有 这个 没有 鼠标垫 起来
",0,"0
","0
","0
","0
"
" 轻薄 小巧 做工 看上去 不错 重要 价格 便宜 性价比 取胜 下班 时候 上单 准备 时候 拿货 时候 没有 准备 取货 网上 驱动程序 不过 明显 不如 红旗 不过 自己 什么 游戏 只是 看看 上上网 足够 物有所值 不会 程序 同志 可以 上网 找到 怎么 安装 不算 麻烦 价格便宜 功能强大 中关村 还要 带票 这次 带票 便宜 同档次 笔记本电脑 性价比 配置 够用 品牌效应 外观 不错 使用 发现 优点 性价比 同事 然后 觉得 相当 不错 老婆 老婆 相当 喜欢 机子 散热 良好 运行 速度 这个 价位 对应 这样 配置 没得说的 合上 时候 时尚 重量 不错 键盘 手感 还算 顺畅 运气 突然 降价 呵呵 功能
",0,"0
","0
","1
","0
"
" 而言 够用 其实 其它 品牌 上网 核心技术 差不多 就是 模具 不同 没有 蓝牙 描述 不符 其它 可以 小桌子 非常 方便 优点 大家 确实 不错 笔记本 战斗机 配置 不错 性价比 可以 屏幕 还好 尽管 整体 机子 感觉 不错 包包 比较满意 轻便 显卡 肯定 很爽 虽然 没有 游戏 首先 附赠 软件 启动 决定 是否 安装 品牌 笔记本 一股脑儿 而且 实际 使用 发现 自带 实用软件 非常 出色 非常 人性化 回家 仔细 使用 发现 键盘 手感 果然 大家 所说 非常 出色 另外 使用 小红点 感觉 触摸板 难怪 成为 基因 之一 机器 虽然 有点 但是 感觉 扎实 某些 娱乐 扎实 噪音 确实 很小 几乎
",0,"0
","0
","0
","0
"
" 听不见 光驱 很棒 花碟 读出来 性价比 送货 超快 单子 隔天 配送 货色 生产日期 原以为 库存 烟消云散 做工 精致 开机 运行 时间 差不多 小时 基本 够用 不过 注意 充电 充分 激活 电池 其他 就是 优派 自己 介绍 机器 卖点 另外 电脑桌 确实 轻便 就是 很漂亮 大小 起来 舒服 价格公道 质量 方面 配置 够用 返现 不错 配置 其他 本本 这个 价格 做工 比较 优秀 细节 方面 比较 显示器 很好 选择 不错 顺利 知道 别人 怎么 数字键 偏软 主要 看重 电池 不过 到底 好不好 多用 一段时间 知道 轻巧 方便 随便 包里一塞 电池 耐用 版本 华硕 版本 起来 方便 特价 抢购 性价比 非常
",0,"0
","0
","0
","0
"
" 机器 不行 正版 操作系统 外形 玩游戏 还行 发热量 有时 有时 知道 为什么 不过 总体 不是 很大 大礼包 外观 还是 风格 内凹 显示器 不错 键盘 触感 整体 磨砂 感觉 起来 舒服 方面 设计 合理 屏幕 不错 外观 想象 各个 借口 位置 设计 比较 合理 笔记本 刚好 够用 紧急 实惠 声音 散热 比较 品牌 质量 应该 只是 比较 便宜 优势 之前 已经 比较 最后 选择 虽然 花哨 东西 但是 比较 实用 算是 比较 强悍 内存 独显 中规 中举 配置 外观 不错 价格便宜 这个 价位 能带 这个 独立 显卡 不错 插槽 符合 自己 要求 性价比 屏幕 西数 硬盘 内存 系统 时候 没有
",0,"0
","0
","1
","0
"
" 问题 使用 起来 非常 舒适 散热 别人 好得多 噪音 非常 漂亮 东芝 本本 人性化 指纹 办法 外观 指纹 总得 问题 电池 续航 时间 键盘 手感 想象 处理速度 接受 日常 办公 应用 问题 机子 不错 发现 什么 就是 特价 买下 便宜 心里 舒服 想买 终于 京东 赠送 东西 情况 订单 京东 总部 提点 前台 很灵 外形 比较 经典 喜欢 镜面 外壳 性能 不错 收到 样子 可以 性能 不错 内存 运行 速度 挺快 看来 比较满意 价格 合适 优惠券 拿下 速度 很快 收到 机器 做工 还是 不错 看出 公司 什么 区别 当然 用料 还是 一样 毕竟 价格 不同 之前 一直 寸间 犹豫
",0,"0
","0
","0
","0
"
" 太重 屏幕 太小 可是 没有 后悔 非常 喜欢 差不多 显示 区域 字体 稍微 处理 文件 合适 摄像头 效果 不错 好歹 拥有 所有 技术 价格 不算 显卡 切换 方便 装装 还是 有点 删除 原有 分区 盘装 绝对 令人满意 做工 似乎 延续 品质 散热 预想 原以为 这么 东西 连续 使用 肯定 速度 不错 就是 那个 动辄 就要 确认 是否 继续 提醒 令人烦恼 礼拜 流畅 不错 本机 亮点 以内 本本 完美 键盘 散热 优良 刚好 本本 外观 很漂亮 小巧 携带方便 收到 建议 大家 外置 光驱 简单 京东 配货 速度 越来越快 值得 东西 不错 完美 功能强大 实惠 老百姓 极佳 这个 价位 这样 机型
",0,"0
","0
","0
","0
"
" 实在 难得 京东 加油 支持 东西 外观 很漂亮 东券 节省 是从 这里 得到 京东 无点 完美 接口 丰富 红外 蓝牙 性能 强劲 赶上 台式机 发热量 机子 表面 地方 几乎 感觉 价格 实惠 价格 比较 奶牛 几乎 无人能敌 做工 奶牛 宝石蓝 外表 不错 机子 配置 合理 指纹 不怎么 东东 其余 基本 人品 完美 内存 三星 硬盘 屏幕 三星 好装 直接 深度 可以 不用 分辨率 可以 自己 设定 方便 游戏 这个 价位 配置 品牌 没有 值得 机器 比较 起来 外观 比较 时尚 比较 功能 满足 需求 杜比 认证 音箱 不错 一直 以为 本本 音箱 收货 下载 变形金刚 高清 预告片 效果 本本
",0,"0
","0
","0
","0
"
" 而言 相当 不错 屏幕 效果 还是 不错 亮度 好像 均匀 外观设计 流畅 采用 超薄 设计 视觉 感觉 效果 触控板 有点 手机 味道 颜色 搭配 很酷 适合 美眉 使用 小巧 轻便 联想 品牌 保修 服务 值得 信赖 自带 家庭版 系统 内带 操作系统 恢复 驱动 光盘 外边 漂亮 适合 女孩子 人家 觉得 可以 但是 系统 没弄 明白 直接 还有 就是 以上 不装 不能 这个 值得注意 不用 而且 赠送 内存 温度控制 非常 噪音 不大 光驱 起来 挺猛 接受 整体 做工 尚可 屏幕 面子 硬盘 大够 肚量 独立 显卡 并非 性能 可以 配置 够用 上网 片子 完全 问题 装好 无需 再要 驱动 价廉物美
",0,"0
","0
","1
","0
"
" 价廉物美 价廉物美 价廉物美 价廉物美 价廉物美 价廉物美 价廉物美 毕竟 惠普 产品 外观 做工 还是 简约 简单 这个 配置 这个 价位 真的 没有 什么 挑剔 低端 定位 商用 呵呵 觉得 本本 还是 不错 没想到 买到 康柏 虽然 失望 做工 不错 键盘 挺好 散热 相当 风扇 声音 不是 很大 可以 接受 C盘 D盘 F盘 可以 解决 不会 影响 预装 操作系统 性价比 屏幕 大小 适合 家用 电影网 游戏 很爽 声音 很大 键盘 习惯 以后 方便 机器 发热 地方 数字 小键盘 下面 不到 双系统 所有 硬件 兼容 驱动 全是 自带 光盘 怎么 觉得 做工 散热 不错 还有 系统 麻烦 设置 硬盘 参数 随便 驱动
",0,"0
","0
","0
","0
"
" 下载 安装 完成 驱动 自动 下载 而且 自动 安装 什么 麻烦 怀疑 你们 这些 到底 不会 外观 不错 发现 什么 明显 毛病 开机 邮件 这个 有点 意思 性价比 外观 比较 音响 满意 部分 声效 就是 不过 觉得 不够 精致 朋友 转让 发票 配件 包装 呵呵 联系 机子 感觉 速度 不错 外观 做工 什么 不错 温度 安静 性能 不错 价格 机器 做工 这个 价位 小黑 太值 其他 品牌 更本不 考虑 外观 比较满意 总体 性能 可以 只是 容易 指纹 音效 不错 性能 配置 算是 中等偏上 用户 足够 外观 低调 不失 大气 回家 台式机 放在 家里 不错 屏幕 中老年人 家里 上上网 之类
",0,"0
","0
","1
","0
"
" 舒服 键盘 起来 预期 但是 还是 点点 屏幕 可以 续航 时间 达到 预期 直接 安装 正版 系统 没有 任何 问题 价格公道 性能 出众 北京 送货 特别 送货员 大雨 送到 屏幕 完美 玩游戏 电影 很爽 速度 挺快 散热 相信 昭阳 品质 那些 这个 价格 不错 而且 出货 这个 电脑 变成 预定 好险 送货 很快 下单 价格 朋友 朋友 高兴 上网 要求 速度 上网 聊个 玩玩 小游戏 足够 性价比 显卡 不错 不开 能流畅 运行 使命 召唤 保持 以上 散热 不错 小时 使命 召唤 不会 官网 驱动 齐全 方便 电池 强劲 外置 光驱 装上 包装 驱动 自动 安装 价格 真的 没话说 同事
",0,"0
","0
","1
","0
"
" 羡慕 主要 原因 键盘 太漂亮 保持 商务 稳定 这个 价钱 改装 有点 麻烦 开始 出错 前面 兄弟 改成 果然 可以 分区 安装 顺利 运行 稳定 前面 有位 兄弟 网卡 驱动 丢失 情况 遇到 版本 没事 开始 原装 正品 价格低廉 订单 下达 很快 配送 及时 青岛 上门 比较 放心 样式 颜色 比较满意 之前 比较 这个 好看 电池 经典 键盘 舒服 里面 符合 习惯 下单 收到 发货 速度 特别 喜欢 小红帽 整个 机器 比较 大气 散热 优良 完美 钢琴 烤漆 出差 不用 镜子 寸比 屏幕 看着 体积 不是 很大 重量 方便 携带 改装 系统 不是 特别 麻烦 就是 硬盘 格式化 重新
",0,"0
","0
","0
","1
"
" 分区 浪费 不少 时间 续航 能力 连续 小时 没有 问题 属于 上网 主流 配置 中高档 水平 价格 比较 实惠 发热量 键盘 手感 不错 笔记本 客服 专业 外观 很漂亮 至少 市面上 价格低 速度 不错 没有 问题 并且 附送 恢复 比较 人性化 国内 算是 性价比 提升 不少 重要 电池 续航 时间 真的 上网 电影 小时 问题 机器 很漂亮 便宜 配置 可以 自已 安装 软件 有点 麻烦 保修 时间 觉得 还好 不错 电脑 配货 然而 那天 降价 为何 保值 返现 本子 很漂亮 特别 键盘 自带 改成 驱动 光盘 京东 宏基 电脑 相比 功能 差别 送给 朋友 整体 可以 屏比 自己 女孩 好看
",0,"0
","0
","1
","0
"
" 机器 这些 一直 确实 不错 做工 外观 很棒 重量 控制 不错 电源 简单 大方 配置 不错 看到 留言 抢购 心里 觉得 平衡 送给 三星 外观 很好 机器 速度 不错 就是 开机 时候 设置 小时 比较慢 需要 另外 电池 就是 超长 待机 毫不犹豫 申请 了价 还是 超值 外形 好看 就是 系统 麻烦 先装 很烦 最后 起来 还是 很爽 就是 还要 自己 下载 驱动 总体 还是 超值 独显 相当 不错 便携 干净 好看 电池 续航 能力 相当 优秀 华硕 一键 恢复 相当 实用 优质 尤其 没有 内置 光驱 键盘 设计 合理 华硕 浮岛 键盘 笔记本电脑 还是 比较 希望 这款 只是 尝鲜
",0,"0
","0
","0
","0
"
" 硬盘 比较 可以 网络 硬盘 没有 尝试 估计 不错 摄像头 足以 应对 情况 视频 输入 预装 正版 系统 不错 重要 赶在 没有 装绿坝 很好 强大 最大 特点 当然 小巧 三星 作工 不用 键盘 手感 相当 外放 音量 不是 很大 高音 有点 小尖 低音 不足 如果 环境 不是 吵闹 可以 应付 正常 使用 开机 运行状况 安静 厉害 价钱 明白 确实 有点 不过 东东 没得说 买来 没得说 上网 选择 造型 不错 精巧 上网 就是 做工 可以 价格 非常 便宜 非常 不错 笔记本电脑 里面 原装 鼠标 属于 意外 惊喜 呵呵 全新 京东 发票 急需 用钱 赔钱 发票 包装 齐全 李先生 上海 赤峰
",0,"0
","0
","1
","0
"
" 公司 工程师 购买 觉得 如何 满脸 告诉 知道 真的 不错 处理 日常 工作 客户 演示 连接 高端 服务器 非常 够用 老板 发现 笔记本 玩游戏 老板 认为 升级 高端 机器 这个 价位 这个 配置 已经 容易 做工 不错 其实 还是 磨具 不错 发热量 控制 还好 价格便宜 性能 不错 就是 麻烦 设置 点儿 时间 国产 本能 做到 这样 心满意足 大方 好看 老婆 喜欢 以前 是非 不用 觉得 本本 就是 低值易耗品 价格 太贵 合适 便宜 不敢 实用 有点 轻薄 或者 大屏 或者 好看 要求 必要 本本 里面 算是 比较 合理 赶上 特价 心里 舒服 京东 购物 还是 比较 愉快 降价 比较 不爽
",0,"0
","0
","0
","0
"
" 不过 东西 不错 老婆 限量版 意义 非同寻常 而且 价格 不算 太贵 虽然 比同 配置 机型 但是 球迷 还是 值得 电脑 配置 眼前一亮 限量版 机器 感觉 性能 印象 该机 性能 强劲 无论 显卡 还是 留下 深刻 印象 应付 市面上 所有 游戏 绰绰有余 应付 影音 更是 不在话下 性价比 看到 别人 评价 发热 有点 就是 笔记本 左侧 出风口 其它 位置 不热 收货 全新 机器 完美 发热 一般 性价比 机器 微星 键盘 上网 本里 一流 手感 不错 这个 价格 前买 手机 价格 差不多 之前 京东 客服 没有 内胆 实现 拿到 电脑 自己 内存条 这个 本本 样子 很漂亮 稳重 键盘 舒服 摄像头 清楚 还有
",0,"0
","0
","1
","0
"
" 鼠标 很漂亮 外观 不错 驱动 网上 小时 重装 基本上 速度 问题 音质 不错 外观 还是 时尚 性价比 设计 时尚 真机 照片 漂亮 值得 推荐 外观 不错 很漂亮 内存 配置 价格便宜 自己 三星 外观 精致 做工 优异 发货 速度 屏幕 亮丽 可视 角度 键盘 布局 可以 就是 上网 功能强大 信号 接收 能力 可以 兼容 双卡 配置 性价比 摄像头 麦克风 读卡器 刻录机 日立 兼容性 不错 模具 以前 机型 厚重 可靠 没有 鸡肋 系统 节约 成本 外观 漂亮 白色 键盘 抢眼 功能键 设置 合理 键盘 材质 触感 扎实 触摸板 凸点 处理 手感 不错 同时 具备 简便 触摸 缩放 功能 比较 实用 最好
",0,"0
","0
","1
","0
"
" 低功耗 处理器 显卡 玩游戏 很好 强大 同时 显卡 这个 档次 比较 高端 试用 日常 使用 条件 电池 充满 平衡 设定 可用 小时 加上 电池 不重 兼顾 性能 重量 显卡 内存 不错 散热 风口 不热 玩游戏 效果 不错 不了 优点 完全 必要 不放 实际 情况 不会 不会 设置 所以 觉得 不好 另外 笔记本 运行 流畅 京东 笔记本 有点 担心 不过 看来 多虑 完美 全新 圆通 速度 挺快 广州 上车 扫描 福鼎市 显示 细腻 键盘 手感 方正 外观 线条 明朗 买完 郁闷 可以 三星 反正 感觉 能用 使用 朋友 交流 交流 基本 没出 问题 超值 电池 华硕 质量 保障 键盘 打字
",0,"0
","0
","0
","0
"
" 舒服 没有 缩小 感觉 外观 好看 键盘 舒适 触摸板 很好 屏幕 富士通 顶级 屏幕 比较 欣赏 摄像头 蓝牙 无线 读卡器 刻录 指纹 反正 设备 齐全 原来 系统 收到 却是 正版 原来 硬盘 收到 外观 漂亮 大方 功能 适合 办工 声音 笔记本 不错 内存 其实 不卡 外观 漂亮 做工 精致 键盘 起来 舒服 没有 拘束 女孩子 还是 不错 尺寸 个人 认为 影响 使用 反倒 携带方便 同类 商品 做工 最好 不过 价格 最贵 性价比 商场 没有 找到 合适 同样 东西 别的 地方 京东 响应速度 下单 通知 到货 不错 本本 就是 包装 时候 不太好 表面 弄皱 灰尘 拿回 之后 同事 帮忙 测试
",0,"0
","0
","0
","0
"
" 各项 测试 结果显示 本本 这个 玩游戏 足够 使用 抢购 超值 做工 比较 细致 塑料 不是 感觉 联想 外观 不错 发热 没有 想象 那么 厉害 内存条 还是 比较 方便 国际品牌 质量 放心 做工 性价比 超强 国际品牌 质量 放心 做工 性价比 超强 国际品牌 质量 放心 做工 性价比 超强 轻便 全球 联保 电压 范围 适用 自带 摄像头 随机 软件 比较 贴心 机器 看上去 很大 触控 面板 新颖 不到 价格 这个 配置 不错 模具 造型 设计 好看 漂亮 音质 提升 不少 小巧 做工 精致 固态 硬盘 超值 当然 购买 时候 性价比 美价 比至 笔记本电脑 性能 美观 配置 价格 工薪 爱美 来块 捷威 笔记本
",0,"0
","0
","1
","0
"
" 惠普 笔记本 摆在 惠普 笔记本 做工 精细 界面 干净 雅致 性能 不亚于 品牌 包装 周到 打开 非常 喜欢 没有 陌生感 机器 工艺 设计 虽然 依然 轻薄 风范 依旧 样子 还好 老婆 喜欢 系统 运行 流畅 看看 网络 电影 可以 优点 就是 做工 可以 功能键 居然 配有 蓝牙 惊喜 不少 笔记本 运行 声音 还是 比较 性能 强悍 单条 内存 独显 完美 同等 配置 其他 品牌 最少 评分 内存 硬盘 显卡 驱动 没有 时尚 外观 格调 不凡 高清 播放 处理 能力 速度 合式 开关 轻松 从容 很好 强大 高性价比 真没想到 块钱 就是 满足 游戏 笔记本 什么 赶快 下手 华硕 东西 没得说
",0,"0
","0
","0
","0
"
" 散热 声音 钢琴 烤漆 外壳 水纹 肌理 感觉 不错 配置 比较 均匀 性价比 相当 配置 均衡 尤其 显卡 很大 吸引力 基本上 需要 升级 个人 认为 内存 足够 并且 这款 独立 显卡 所以 不会 占用 系统 内存 显存 相信 产品 性能 不错 屏幕 不错 原来 公司 所以 有人 比较 觉得 办公 普通 娱乐 够用 外观 漂亮 键盘 舒服 主要 还是 觉得 性价比 划算 收到 发货 收到 很快 机子 没有 什么 磨损 而且 配置 产品 介绍 所说 可以 相当 外观 漂亮 配置 均衡 接口 丰富 比较 超值 散热 不错 不会 摄像头 麦克风 可以 直接 进行 视频 聊天 读卡器 而且 兼容 性价比
",0,"0
","0
","0
","0
"
" 用券 入手 系统 听说 麻烦 直接 拿到 电脑 城里 搞定 不过 好像 有个 亮点 做工 一流 外形 漂亮 显卡 很棒 奥特 兰星 品牌 扬声器 处有 金属 质感 各种 接口 比较 齐全 老牌子 性价比 可以 虽然 中关村 号称 优惠 价格 最终 还是 选择 京东 真的 轻薄 内胆 直接 自己 包里 问题 包包 档次 做工 不错 毕竟 原装 但是 实在 不是 喜欢 风格 所以 舍弃 呵呵 散热 不错 键盘 挺舒服 软件 有些 不错 屏幕 问题 其实 只是 背光 呵呵 性价比 抢到 没多久 恢复 原价 很爽 笔记本 看来 不错 送货 速度 比较 使用 效果 噪音 手托处 屏幕 三星 内存 三星 日立 硬盘
",0,"0
","0
","0
","0
"
" 完美 模具 键盘 比较 舒服 触摸式 快捷键 很好 银色 看着 商务 做工 比较 耐看 电池 大概 订单 效率 本本 质量 可以 非常 喜欢 外观 漂亮 系统 方便 速度 很快 实用 机器 内存 背后 没有 能开 盖子 应该 掌托 下面 还是 拆开 知道 散热 相当 机器 用料 到位 相当 结实 整体 蓝色 漂亮 发现 什么 问题 不过 以后 降价 本本 体形 黑色 外衣 配置 国内 行货 价格 而言 本本 达到 理想 价位 接口 视频 转接 多功能 读卡 有线 网络 插孔 麦克风 耳机 共用 插孔 价格 自带 系统 不装 系统 麻烦 拿到 时间 一键 还原 宽带 速度 不错 比较 实用 机器
",0,"0
","0
","0
","0
"
" 内存 背后 没有 能开 盖子 应该 掌托 下面 还是 拆开 知道 散热 相当 机器 用料 到位 相当 结实 驱动 好装 网上 自己 三星 内存 感觉 外壳 很漂亮 钢琴漆 质感 键盘 舒服 拍照 速度 各种 觉得 不错 重要 老公 喜欢 华硕 还是 称心 外观 延续 风格 键盘 舒服 整体 相应 还是 不错 尤其 内存 京东 下单 购买 电脑 今天上午 回了 外观 很漂亮 做工 精细 特别 屏幕 真的 亮眼 说老实话 就是 优派 信誉 尽管 上网 内在 质量 无法 瞎评 一段时间 交流 连续 小时 感觉 不是 个人 认为 价格 电池 介绍 可用 小时 理解 到底 优派 客气 还是 耗电 厉害 使用 才能
",0,"0
","0
","0
","0
"
" 知道 幸运 赶上 检查 包装 完美 不错 机器 漂亮 双核 三星 友达 独显 满意 到手 完美 不错 强于 速度 比较 出众 持续 使用 时间 不错 键盘 大小 手感 机器 比较 实用 外观 不错 实用 喜欢 京东 快递 及时 满意 不错 朋友 朋友 比较满意 就是 接口 而且 左边 图片 有误 完美 上帝保佑 散热 没有 那么 问题 安装 系统 还好 我用 萝卜 系统 然后 大家 可以 参考 注意 一切 真的 强悍 强悍 白色 本本 小巧 漂亮 续航 时间 外面 不用 担心 电源 问题 这款 本本 主要 看中 运行 速度 不错 足够 应付 一般 办公 需求 外观 很漂亮 开机 很快 上网 配置
",0,"0
","0
","1
","0
"
" 摄像头 麦克风 网卡 齐全 轻巧 以后 就要 带上 到处跑 配置 放大镜 软件 不用 担心 屏幕 看不清楚 京东 发货 速度 惊人 发票 可以 拉卡 打开 还有 光盘 就是 没有 预装 性价比 速度 屏幕 比较 玩游戏 比较 键盘 特点 台式机 特别 喜欢 同学 羡慕 价格 便宜 功能齐全 外型 不错 上网 价格 这样 笔记本 不错 轻便 小巧 配置 不错 送货 速度 下单 到货 性价比 好看 为什么 还有 那么 安装 安装 失败 漂亮 就是 系统 难搞 进去 修改 还是 不行 安装版 装进去 下单 手中 一般 快递 从来 没有 终于 盼到 迫不及待 打开 箱子 看到 买到 宝贝 证明 自己 还是 眼光 外观 没得说 比起
",0,"0
","0
","0
","0
"
" 什么 联想 华硕 感觉 他们 玩具 高清 占用 百分之 还是 没有 问题 没有 一般 没有 必要 电池 续航 一般 小时 觉得 满意 基本上 找到 毛病 这个 要求 呵呵 华硕 出品 做工 精良 手感 外形 时尚 本人 开始 华硕 相比之下 键盘 手感 尺寸 男士 用得 舒服 还有 触摸板 起来 舒服 华硕 人性化 追求 从没 停止 产品 令人 惊喜 最后 该款 卖点 电池 续航 尽管 实际上 没有 小时 但是 小时 问题 完全 应付 移动 办公 小时 提高 不少 性能 不错 比较满意 配置 比较 合理 外观 漂亮 识别 好玩 高清 流畅 性价比 不错 礼品 机器 散热 可以 想象 中要 整个 表面 音效
",0,"0
","0
","0
","0
"
" 不错 摄像头 虽然 可是 还是 清晰 不错 电脑 快捷键 方便使用 配置 方面 对得起 这个 价钱 可是 单独 内存 专用 性能 稳定 使用 没什么 问题 优点 东西 不错 外观设计 做工 精美 质量 可靠 京东 送货 速度 很快 京东 东西 质量 还是 比较 放心 没有 问题 包装 不错 发货 速度 基本 可以 发货 东西 刚用 不错 想象 中要 前期 周围 朋友 了解 最后 总体 各项 指标 数据 合适 喜欢 触摸式 调音 整个 外形 做工 想象 中要 芯片 快速 更新 情况 最优 选择 很漂亮 内存 目前为止 还是 上手 速度 蛮快 随便 整个 硬盘 隐藏 分区 统统 弄掉 重新 分区 系统 复制 一切
",0,"0
","0
","0
","0
"
" 问题 内存 反面 感觉 螺丝 不知 本身 没有 不会 换成 外观 键盘 性能 电池 挺不错 就是 进不了 系统 郁闷 硬盘 怀疑 问题 虽然 楼上 有人 导入 系统 可以 解决问题 验货 时候 可不 知道 京东 售后 这个 方法 直接 换货 还是 保险 外观 就是 这么 经的 起看 笔记本 性能 外出 携带 非常 方便 老婆 整体 感觉 高贵 各种 功能齐全 散热 方面 比较 均衡 接口 分布 合理 颜色 很漂亮 外壳 键盘 钢琴 拷漆 黄金 尺寸 安装 方便 以前 华硕 方便 网上 键盘 设计 不错 还好 快捷键 感应 实用 小巧 完美 三星 三星 内存 驱动 一切顺利 音质 不错 朋友 索尼 每一款 机总
",0,"0
","0
","1
","0
"
" 吸引 有失 这个 买到 这样 机子 键盘 不错 手感 打字 舒服 性能 不错 综合 不错 速度 很快 外观 满意 大小 适中 发货 速度 超快 订购 收到 配货 性价比 外观 不错 性能 稳定 噪音 移动硬盘 支持 驱动程序 使用 说明 放在 E盘 电池 延保卡 整体 感觉 不错 一般 完全 足够 系统 费劲 先进 下面 改成 设置 光驱 启动 这个 原来 不到 一样 下面 调到 我用 番茄花园 直接 装上 用送 光盘 挨个 驱动 可以 这个 品牌 里面 性价比 算高 感觉 发热量 有点 其他 还好 启动 光驱 声音 较大 内存 够用 之前 没去 商场 那样 轻巧 喜欢 速度 不错 普通 使用 绝对 没有
",0,"0
","0
","0
","0
"
" 问题 独立 显卡 一般 游戏 可以 应付 性价比 满足 家用 需求 我用 深度 驱动 不用 设置 安装 系统 顺利 没有 遇到 过看 视频 黑屏 情况 外观 漂亮 性能 优秀 观看 流畅 运行 高清 视频 主流 游戏 尺寸 机型 重量 发热 控制 比较 屏幕 清晰 整机 做工 不错 特别 那些 快捷键 人性化 客服 服务态度 不错 驱动 电话 配置 日常 办公 家用 应该 没有 问题 外观 时尚 蓝色 背景灯 洋气 按键 手感 不错 可是 右边 快捷键 知道 什么 功能 摄像头 效果 不错 可惜 不能 旋转 性价比 比较 配置 比较 平衡 电影 普通 游戏 比较 流畅 实惠 钢琴 烤漆 外壳 水纹 肌理
",0,"0
","0
","0
","0
"
" 感觉 不错 笔记本 配置 不错 合理 搭配 物有所值 自己 系统 运行 流畅 一般 办公 足够 价格 实惠 配置 还行 呵呵 得分 散热 想象 一直 玩游戏 主要 看中 系统总线 升级 预留 较大 空间 验证 测试 是否 性价比 不错 原来 颜色 不是 纯白 有点 发黄 估计 折腾 一直 觉得 喜欢 键盘 以前 三星 结实 屏幕 感觉 挺舒服 但是 厌恶 输入法 支付 金额 商品 金额 运费 优惠 所用 余额 价格 性能 超值 性价比 不错 操作系统 驱动 开始 分区 好容易 蓝屏 注意 外观 做工 承袭 风格 起来 踏实 看着 明显 感觉 舒服 由于 放在 车里 重量 不是 问题 赠送 刚刚 之前 京东 账户
",0,"0
","0
","0
","0
"
" 余额 加上 东券 优惠 个人 认为 对得起 这个 价格 入手 买回来 马上 系统 官方网站 驱动 下载 不错 服务 指纹 蓝牙 独显 这个 价格 市面上 最低 实惠 送货上门 方便 放心 终于 等到 优惠 不过 太爽 用券 抵消 还是 购入 瑞星 杀毒 周到 外观 使用 感觉 不错 其实 精简 发现 其实 起来 没什么 区别 要换 系统 麻烦 系统 挺舒服 配置 还行 满意 京东 工作效率 收到 重新 分区 驱动 顺利 搞定 无线 网卡 传说 掉线 网卡 不过 使用 一切正常 配置 不错 可以 同方 网站 上用 积分 兑现 悦读网 巧巧 英语 号称 当然 不值 完美 暂时 发现 机器 拿到 开机 硬盘 通电 时间
",0,"0
","0
","1
","0
"
" 大概 小时 可以 接受 内存 加到 台式机 稍慢 个人 而言 这个 配置 足够 性价比 自己 已经 升级 内存 加装 安装 很好 强大 键盘 手感 性价比 比较 外观 手感 挺不错 散热量 风扇 声音 有点 但是 影响 使用 悬浮式 键盘 还是 总体 来讲 比较满意 字体 没有 那么 只是 页面 显示 东西 字体 变小 轻便 速度 不错 硬盘 整体 不错 性能 可以 就是 介绍 上写 其实 显卡 升级 白下 驱动 硬件 配置 超强 完美 支持 运行 速度 流畅 无需 升级 硬件 估计 跟上 主流 网购 就是 方便 开始 时候 此种 贵重物品 网上 购买 还是 有些 心存 疑虑 直到 拿到 本本 之后 觉得
",0,"0
","0
","1
","0
"
" 果然 不错 内存 就是 好用 关掉 不用 呵呵 送货 很快 送到 服务 白色 钢琴 烤漆 很漂亮 声音 效果 很棒 用来 上上网 文字 办公 看看 电影 只要 超级 大片 完全 够用 关键 便捷性 电池 连续 办公 时用 半小时 这个 本本 收到 开始 活动 内存 硬盘 订单 完成 没有 办法 感觉 有点 厚道 价格便宜 虽然 没有 介绍 提到 指纹识别 不过 这个 价位 绝对 对得起 这个 配置 相当 不错 散热 相当 基本 不会 感到 烫手 钢琴 烤漆 键盘 摸上去 感觉 特别 配置 不用说 主流 软件 运行 起来 相当 流畅 键盘 流行 突起 设计 触摸板 质感 电池 设计 巧妙 一体化 工业 水平 容量
",0,"0
","0
","0
","0
"
" 机器 北京 没货 好不容易 拿到 总体 感觉 还是 不错 运气 没有 亮点 而且 连续 运行 小时 右掌 稍微 有点 可以 接受 整体 外观 漂亮 对得起 这个 价钱 即使 神舟 自己 升级成 内存 加上 加上 比较 完美 朋友 觉得 不错 性价比 样子 漂亮 基本 性能 只要 游戏 全能 应付 性价比 配置 不错 外观 不错 屏幕 看起来 舒服 送货 速度 收到 可以 可惜 不能 帮忙 内存条 而且 同学 双击 可以 备份 不行 整体 性能 魔兽 指纹识别 方便 摄像头 麦克风 方便 聊天 得到 无线 路由器 电脑 没得说的 很好 强大 问题 驱动 时候 官网 最新 驱动 结果 声卡 装好 声音 接着 显卡 装完
",0,"0
","0
","0
","0
"
" 显卡 电脑 声音 重装系统 郁闷死 发现 显卡 驱动 声卡 驱动 冲突 然后 官网 显卡 驱动 终于 搞定 没有 冲突 外观 很漂亮 做工 精致 买回来 什么 问题 没有 就是 系统 麻烦 系统盘 装完 死机 以为 机子 质量 问题 咨询 京东 还有 华硕 官网 原来 软件 问题 京东 克服 耐心 解决问题 效率 值得称赞 蓝色 比较 漂亮 软件 系统 很快 足够 一般 使用 以前 一直 购买 机器 停产 这次 不觉 意外 惊喜 性能 不错 性价比 不错 值得 购买 优点 不用说 联想 接手 以后 还是 一样 发货 很快 重庆 机子 完美 上网 大屏幕 怎么 舒服 这个 价值 驱动 朋友 帮忙 样子 不错 速度
",0,"0
","0
","0
","0
"
" 不是 想象 那么 造型 真的 不错 电池 够劲 底部 没有 突出 运行 速度 可以 接受 风扇 噪声 不大 键盘 打字 比较 顺畅 反光 眼睛 外观 不错 散热 其实 还好 实况 时候 没有 原来 戴尔 各种 触摸 指示灯 美观 电器 典型 设计 特点 性价比 不错 有个 亮点 倒霉 看来 这款 亮点 电脑 不少 而且 中间 位置 不爽 性价比 不错 本本 外观 很漂亮 听说 已经 停产 更换 系统 顺利 只是 总线 驱动 附加 显卡 驱动 注意 性价比 同学 数码城 超值 奔腾 基本上 标配 强烈推荐 漂亮 黑色 果然 永不 落伍 经典 之色 原本 白色 到货 不过 还是 抵不过 黑色 诱惑 外型 小巧
",0,"0
","0
","1
","0
"
" 大方 男女生 适用 便携 性能 价格合理 京东 赠品 实用 总之 超值 自提 工作人员 态度 续航 能力 看中 配置 所有 上网 最强 京东 价格公道 呵呵 自己 松江 配送 看到 显示屏 下方 黑漆 掉色 严重 朋友 郁闷 定单 要求 处理 补发 赠品 已经 仍然 补发 服务 到位 东西 甩手 不管 难道 就是 京东 一惯 作风 大礼包 要求 满意 结果 不要 一拖再拖 而且 我们 拿到 发现 键盘 问题 已经 这些 结果 郁闷 东西 神舟 类似 配置 还要 便宜 笔记本电脑 这个 自己 非常 满意 外观 不错 配有 正版 性价比 很高 本子 同样 配置 台机 显示器 显卡 虽然 型号 看着 比较 性能 高端 不了
",0,"0
","0
",1,"0
"
